"ID","Game","Where it appears","Type","English","Portuguese","Your feedback","Suggested Portuguese"
"HUB-001","Hub","Page title and search description","Landing page","Impostor Dance Game | Impostor Word Game | Impostor Artist","Jogo do Impostor: Dança, Palavras e Desenho | Grátis","",""
"HUB-002","Hub","Page title and search description","Landing page","Free multiplayer online impostor party games for 3–20 friends. Play the Impostor Dance Game (the viral Imposter Dance Challenge — everyone dances to the same song except the impostor), the Impostor Word Game (everyone gets the same secret word except the impostor) and Impostor Artist (everyone draws the same word on a shared online canvas except the impostor). No app, no sign-up — play in your browser.","Jogos de festa do impostor, online, grátis e para 3 a 20 amigos. Jogue o Jogo do Impostor da Dança (todo mundo põe o fone de ouvido e dança a mesma música, menos o impostor, que escuta outra completamente diferente), o Jogo do Impostor das Palavras (todo mundo vê a mesma palavra secreta, menos o impostor) e o Jogo do Impostor do Desenho (todo mundo desenha a mesma palavra num quadro compartilhado, menos o impostor). Sem app e sem cadastro, direto no navegador.","",""
"HUB-003","Hub","Page title and search description","Landing page","Impostor Games — Dance & Word party games","Impostor Games | Jogos de festa do impostor","",""
"HUB-004","Hub","Page title and search description","Landing page","Free multiplayer impostor party games for 3–20 friends: the viral Imposter Dance Challenge, the Impostor Word Game and Impostor Artist. Play in your browser — no app, no sign-up.","Jogos de festa do impostor, grátis e para 3 a 20 amigos: o Impostor da Dança, o Impostor das Palavras e o Impostor do Desenho. Jogue no navegador, sem app e sem cadastro.","",""
"HUB-005","Hub","Page title and search description","Landing page","Impostor Games — Dance & Word party games","Impostor Games | Jogos de festa do impostor","",""
"HUB-006","Hub","Page title and search description","Landing page","Free multiplayer impostor party games for 3–20 friends: the viral Imposter Dance Challenge, the Impostor Word Game and Impostor Artist. Play in your browser — no app, no sign-up.","Jogos de festa do impostor, grátis e para 3 a 20 amigos: o Impostor da Dança, o Impostor das Palavras e o Impostor do Desenho. Jogue no navegador, sem app e sem cadastro.","",""
"HUB-007","Hub","Home screen","Landing page","Impostor Games","Impostor Games","",""
"HUB-008","Hub","Home screen","Landing page","Party games for up to 20. No app, no account. Play in your browser.","Jogos de festa para até 20. Sem app, sem cadastro. No navegador.","",""
"HUB-009","Hub","Home screen","Landing page","Impostor Dance Game","Impostor da Dança","",""
"HUB-010","Hub","Home screen","Landing page","Everyone dances to the same song, except the impostor.","Todo mundo dança a mesma música, menos o impostor.","",""
"HUB-011","Hub","Home screen","Landing page","Play","Jogar","",""
"HUB-012","Hub","Home screen","Landing page","Impostor Artist","Impostor do Desenho","",""
"HUB-013","Hub","Home screen","Landing page","Everyone draws the same word, except the impostor.","Todo mundo desenha a mesma palavra, menos o impostor.","",""
"HUB-014","Hub","Home screen","Landing page","Play","Jogar","",""
"HUB-015","Hub","Home screen","Landing page","Impostor Word Game","Impostor das Palavras","",""
"HUB-016","Hub","Home screen","Landing page","Everyone describes the same word, except the impostor.","Todo mundo descreve a mesma palavra, menos o impostor.","",""
"HUB-017","Hub","Home screen","Landing page","Play","Jogar","",""
"HUB-018","Hub","Home screen","Landing page","About the games","Sobre os jogos","",""
"HUB-019","Hub","Home screen","Landing page","Impostor Games · free browser party games","Impostor Games · jogos de festa grátis no navegador","",""
"HUB-020","Hub","Home screen","Landing page","Impostor Dance Game","Impostor da Dança","",""
"HUB-021","Hub","Home screen","Landing page","Impostor Word Game","Impostor das Palavras","",""
"HUB-022","Hub","Home screen","Landing page","Impostor Artist","Impostor do Desenho","",""
"HUB-023","Hub","How to play","Landing page","What is the Imposter Dance Challenge?","O que é o Jogo do Impostor da Dança?","",""
"HUB-024","Hub","How to play","Landing page","The Imposter Dance Challenge (also called the Imposter Dance Game) is a party game where every player wears headphones and dances to the same song — except one secret impostor, who hears a completely different track. The group watches the dance-off and tries to spot the impostor by their off-vibe moves. You can play it free online right here — no app, no sign-up, 3–20 players, works on any phone browser.","O Jogo do Impostor da Dança é aquele desafio do impostor que aparece no TikTok: todo mundo põe o fone de ouvido e dança a mesma música, menos um impostor secreto, que escuta outra completamente diferente. O grupo assiste e tenta descobrir quem é pelo jeito fora do ritmo. Dá para jogar grátis aqui mesmo, sem app e sem cadastro, de 3 a 20 jogadores, no navegador de qualquer celular.","",""
"HUB-025","Hub","How to play","Landing page","Play the Impostor Dance Game →","Jogar o Impostor da Dança →","",""
"HUB-026","Hub","How to play","Landing page","What is the Impostor Word Game?","O que é o Jogo do Impostor das Palavras?","",""
"HUB-027","Hub","How to play","Landing page","The Impostor Word Game (also known as Undercover) deals everyone the same secret word — except the impostor, who only sees a vague hint. Players take turns saying one clue word each; the group tries to expose the impostor while the impostor bluffs and tries to guess the word. Free in your browser, no downloads.","O Jogo do Impostor das Palavras (também conhecido como Undercover) dá a mesma palavra secreta para todo mundo, menos para o impostor, que vê só uma pista vaga. Na sua vez, cada jogador diz uma palavra que descreva a palavra secreta; o grupo tenta pegar o impostor enquanto o impostor disfarça e tenta adivinhar. Grátis e no navegador, sem baixar nada.","",""
"HUB-028","Hub","How to play","Landing page","Play the Impostor Word Game →","Jogar o Impostor das Palavras →","",""
"HUB-029","Hub","How to play","Landing page","What is Impostor Artist?","O que é o Jogo do Impostor do Desenho?","",""
"HUB-030","Hub","How to play","Landing page","Impostor Artist (also called Fake Artist) gives everyone the same secret word to draw — except the impostor, who only sees a vague hint. Players take turns adding to one shared canvas, each in their own colour, then everyone votes on who was faking it. Draw enough to prove you know the word, but not so much that the impostor guesses it. Free in your browser, no downloads.","O Jogo do Impostor do Desenho (também conhecido como Fake Artist) dá a mesma palavra secreta para todo mundo desenhar, menos para o impostor, que vê só uma pista vaga. Na sua vez, cada jogador acrescenta um pedaço ao mesmo desenho, cada um com a sua cor, e no fim todo mundo vota em quem estava fingindo. Desenhe o suficiente para provar que sabe a palavra, mas não tanto a ponto de entregar a palavra para o impostor. Grátis e no navegador, sem baixar nada.","",""
"HUB-031","Hub","How to play","Landing page","Play Impostor Artist →","Jogar o Impostor do Desenho →","",""
"HUB-032","Hub","Frequently asked questions","Landing page","FAQ","Perguntas frequentes","",""
"HUB-033","Hub","Frequently asked questions","Landing page","Is there an app to download?","Precisa baixar algum app?","",""
"HUB-034","Hub","Frequently asked questions","Landing page","No download needed — all three games run right in your phone's browser. Open the page, share a room code (or QR code), and play. Works on iPhone and Android instantly.","Não precisa baixar nada. Os três jogos rodam no navegador do celular: você abre a página, manda o código da sala e a galera entra. Funciona na hora no iPhone e no Android.","",""
"HUB-035","Hub","Frequently asked questions","Landing page","Are the games free?","Os jogos são grátis?","",""
"HUB-036","Hub","Frequently asked questions","Landing page","Yes, completely free. No sign-up, no app, no payment. Open the page in any phone browser and share a room code with your friends.","Sim, totalmente grátis. Sem cadastro, sem app e sem pagar nada. Abra a página no navegador de qualquer celular e mande o código da sala para a galera.","",""
"HUB-037","Hub","Frequently asked questions","Landing page","How many players do I need?","Quantos jogadores precisa?","",""
"HUB-038","Hub","Frequently asked questions","Landing page","At least 3 players, up to 20, for all three games. One person creates the room and becomes the host; everyone else joins with the 4-character room code or by scanning the QR code.","De 3 a 20 jogadores. Uma pessoa cria a sala e vira o anfitrião; o resto entra com o código de 4 caracteres ou lendo o QR code.","",""
"HUB-039","Hub","Frequently asked questions","Landing page","What is the Impostor Dance Game?","O que é o Jogo do Impostor da Dança?","",""
"HUB-040","Hub","Frequently asked questions","Landing page","It's a free online party game for 3 to 20 players. When a round starts, everyone hears the same song on their phone except one secret impostor, who hears a completely different track. Everyone dances to what they're hearing, and the group spots the impostor by whose moves don't match the song's vibe. Play it at impostorgames.com/dance.","É um jogo de festa online e grátis para 3 a 20 jogadores. Todo mundo põe o fone de ouvido e dança a mesma música, menos o impostor, que escuta outra completamente diferente. O grupo descobre quem é pelo jeito fora do ritmo. Joga em impostorgames.com/pt/dance.","",""
"HUB-041","Hub","Frequently asked questions","Landing page","What is the Impostor Word Game?","O que é o Jogo do Impostor das Palavras?","",""
"HUB-042","Hub","Frequently asked questions","Landing page","A free party game also known as Undercover or the Imposter Word Game. Everyone secretly sees the same word, except the impostor, who only sees a vague hint. Players take turns saying one clue word each; the group tries to expose the impostor while the impostor tries to guess the secret word. Play it at impostorgames.com/word.","É um jogo de festa online e grátis para 3 a 20 jogadores, também conhecido como Undercover. Todo mundo vê em segredo a mesma palavra, menos o impostor, que vê só uma pista vaga. Cada um diz uma palavra na sua vez; o grupo tenta pegar o impostor e o impostor tenta adivinhar a palavra. Joga em impostorgames.com/pt/word.","",""
"HUB-043","Hub","Frequently asked questions","Landing page","What is Impostor Artist?","O que é o Jogo do Impostor do Desenho?","",""
"HUB-044","Hub","Frequently asked questions","Landing page","A free online drawing party game, sometimes called Fake Artist. Everyone secretly gets the same word to draw — except the impostor, who only sees a vague hint. Players take turns adding to one shared canvas, then everyone votes on who was faking it. Play it at impostorgames.com/draw.","É um jogo de desenho online e grátis, às vezes chamado de Fake Artist. Todo mundo recebe em segredo a mesma palavra para desenhar, menos o impostor, que vê só uma pista vaga. Na sua vez, cada jogador acrescenta um pedaço ao mesmo desenho, e no fim todo mundo vota em quem estava fingindo. Joga em impostorgames.com/pt/draw.","",""
"HUB-045","Hub","Frequently asked questions","Landing page","What's the difference between the games?","Qual é a diferença entre os três jogos?","",""
"HUB-046","Hub","Frequently asked questions","Landing page","Same idea, different senses. In the Dance Game the impostor hears a different song and has to dance along; you need headphones. In the Word Game the impostor doesn't know the secret word and has to bluff through spoken clues; no headphones needed. In Impostor Artist the impostor only gets a hint and has to fake a line on a shared canvas; nothing needed but phones.","A mesma ideia, com sentidos diferentes. No Impostor da Dança o impostor escuta outra música e tem que dançar como se fosse a mesma; precisa de fone de ouvido, um para cada jogador. No Impostor das Palavras o impostor não sabe a palavra secreta e disfarça com pistas faladas; não precisa de fone. No Impostor do Desenho o impostor recebe só uma pista e tem que fingir um traço num quadro compartilhado; não precisa de mais nada além dos celulares.","",""
"HUB-047","Hub","Frequently asked questions","Landing page","Can I play on one device?","Dá para jogar com um celular só?","",""
"HUB-048","Hub","Frequently asked questions","Landing page","Yes, in the Impostor Word Game and Impostor Artist. Pick Pass the Phone in the lobby and one phone goes round the group: each player swipes their card over, sees their word or their impostor hint in private, and hands it on. If everyone has a phone, the default mode gives each player their own screen. The Impostor Dance Game has no such mode, because there every player needs their own phone and their own headphones.","Dá, no Impostor das Palavras e no Impostor do Desenho. Escolha Passar o celular na sala e um celular só vai passando pelo grupo: cada jogador desliza a carta dele, vê sua palavra ou sua pista em segredo e passa adiante. Se cada um tiver o seu celular, o modo padrão dá uma tela para cada jogador. O Impostor da Dança não tem esse modo: ali cada jogador precisa do próprio celular e do próprio fone de ouvido.","",""
"HUB-049","Hub","Frequently asked questions","English only","Is this the Imposter Dance Challenge from TikTok?","","",""
"HUB-050","Hub","Frequently asked questions","English only","Yes — the Impostor Dance Game is the online version of the viral Imposter Dance Challenge. Everyone puts on headphones and dances to the same song, except one secret impostor hearing a different tune. Play it at impostorgames.com/dance.","","",""
"HUB-051","Hub","Frequently asked questions","English only","Where can I play the Imposter Dance Challenge online?","","",""
"HUB-052","Hub","Frequently asked questions","English only","At impostorgames.com/dance. It's a free browser version of the viral Imposter Dance Challenge: one player creates a room, shares the 4-character code or QR code, and 3 to 20 friends join from their own phones. No app, no account, no cost.","","",""
"HUB-053","Hub","Frequently asked questions","English only","Is there a free alternative to the ""Who is the Impostor"" app?","","",""
"HUB-054","Hub","Frequently asked questions","English only","Yes. ""Who is the Impostor?"" is the viral dance party game where everyone dances to the same song except one impostor hearing a different tune in their headphones, then players vote to catch them. The Impostor Dance Game is a free browser version of the same idea: no app to download, no sign-up, no ads. Open the page, share a room code, and play with 3–20 friends on their own phones.","","",""
"HUB-055","Hub","Frequently asked questions","Portuguese only","","Dá para jogar por chamada de vídeo?","",""
"HUB-056","Hub","Frequently asked questions","Portuguese only","","Dá, os três funcionam. O Impostor do Desenho é o mais direto, porque o quadro e a votação acontecem dentro do próprio jogo. No Impostor das Palavras as pistas e as acusações são faladas, então a chamada dá conta sozinha. No Impostor da Dança o grupo precisa ver todo mundo dançando, então cada um tem que aparecer na câmera e estar de fone de ouvido.","",""
"HUB-057","Hub","Frequently asked questions","Portuguese only","","Tem algum jogo tipo Among Us para jogar sem instalar nada?","",""
"HUB-058","Hub","Frequently asked questions","Portuguese only","","Tem, e são estes três. É a mesma graça de descobrir quem está mentindo, só que em poucos minutos e sem instalar nada: você abre a página, manda o código da sala e de 3 a 20 amigos entram, cada um pelo seu celular. Comece pelo Impostor das Palavras, que é o mais parecido com esses apps.","",""
"HUB-059","Hub","Screen reader labels","Landing page","Four cute characters wearing headphones, dancing together","Quatro personagens de desenho de fone de ouvido, dançando juntos","",""
"HUB-060","Hub","Screen reader labels","Landing page","Cute characters drawing on an easel together","Personagens simpáticos desenhando juntos num cavalete","",""
"HUB-061","Hub","Screen reader labels","Landing page","Four cute characters at a table holding cards","Quatro personagens de desenho numa mesa, cada um com cartas na mão","",""
"DAN-001","Dance","Home screen","In-game","← All games","← Impostor Games","",""
"DAN-002","Dance","Home screen","In-game","Impostor
Dance Game","Impostor
da Dança","",""
"DAN-003","Dance","Home screen","In-game","Impostor Dance Game logo, a cute character wearing headphones","Logo do Impostor da Dança, um personagem fofo de fone de ouvido","",""
"DAN-004","Dance","Home screen","In-game","Create or Join the game","Crie uma sala ou entre em uma partida","",""
"DAN-005","Dance","Home screen","In-game","Create","Criar","",""
"DAN-006","Dance","Home screen","In-game","Create and be the host","Crie a sala e seja o anfitrião","",""
"DAN-007","Dance","Home screen","In-game","Join","Entrar","",""
"DAN-008","Dance","Home screen","In-game","Join an existing game","Entre em uma partida que já existe","",""
"DAN-009","Dance","Home screen","In-game","Back to all games","Voltar para Impostor Games","",""
"DAN-010","Dance","Home screen","In-game","Jump to How to Play","Ir para Como jogar","",""
"DAN-011","Dance","Home screen","In-game","How to play","Como jogar","",""
"DAN-012","Dance","Creating or joining a room","In-game","← Back","← Voltar","",""
"DAN-013","Dance","Creating or joining a room","In-game","Room Code","Código da sala","",""
"DAN-014","Dance","Creating or joining a room","In-game","Enter room code to join game","Digite o código para entrar na sala","",""
"DAN-015","Dance","Creating or joining a room","In-game","Name","Nome","",""
"DAN-016","Dance","Creating or joining a room","In-game","Enter room","Entrar na sala","",""
"DAN-017","Dance","Creating or joining a room","In-game","Create Room","Criar sala","",""
"DAN-018","Dance","Creating or joining a room","In-game","← Leave","← Sair","",""
"DAN-019","Dance","Creating or joining a room","In-game","Room Created! 🎉","Sala criada! 🎉","",""
"DAN-020","Dance","Creating or joining a room","In-game","Players can scan or enter the code to join.","Os outros podem escanear o QR ou digitar o código para entrar.","",""
"DAN-021","Dance","Creating or joining a room","In-game","Scan code","Escaneie o código","",""
"DAN-022","Dance","Creating or joining a room","In-game","or enter code","ou digite o código","",""
"DAN-023","Dance","Creating or joining a room","In-game","Copy code","Copiar código","",""
"DAN-024","Dance","Creating or joining a room","In-game","Go to Lobby","Ir para a sala","",""
"DAN-025","Dance","Creating or joining a room","In-game","Scan to join this room","Escaneie para entrar na sala","",""
"DAN-026","Dance","Creating or joining a room","In-game","Enter Nick Name","Digite seu nome","",""
"DAN-027","Dance","Creating or joining a room","In-game","Copy room code","Copiar o código da sala","",""
"DAN-028","Dance","Creating or joining a room","In-game","Room QR code","Código QR da sala","",""
"DAN-029","Dance","Creating or joining a room","In-game","That code is a room in {game}. Taking you there…","Esse código é de uma sala do {game}. Levando você para lá…","",""
"DAN-030","Dance","The lobby","In-game","← Leave Room","← Sair da sala","",""
"DAN-031","Dance","The lobby","In-game","How to play","Como jogar","",""
"DAN-032","Dance","The lobby","In-game","Lobby","Sala","",""
"DAN-033","Dance","The lobby","In-game","Imposter Challenge","Desafio do Impostor","",""
"DAN-034","Dance","The lobby","In-game","Music","Música","",""
"DAN-035","Dance","The lobby","In-game","TikTok and Reels","TikTok e Reels","",""
"DAN-036","Dance","The lobby","In-game","Songs","Músicas","",""
"DAN-037","Dance","The lobby","In-game","Pick the group song…","Escolha a música do grupo…","",""
"DAN-038","Dance","The lobby","In-game","Impostor song (optional)","Música do impostor (opcional)","",""
"DAN-039","Dance","The lobby","In-game","Impostors","Impostores","",""
"DAN-040","Dance","The lobby","In-game","1 Impostor","1 Impostor","",""
"DAN-041","Dance","The lobby","In-game","Players","Jogadores","",""
"DAN-042","Dance","The lobby","In-game","0 / 0 ready","0 / 0 prontos","",""
"DAN-043","Dance","The lobby","In-game","I'm Ready","Estou pronto","",""
"DAN-044","Dance","The lobby","In-game","Start Game","Começar","",""
"DAN-045","Dance","The lobby","In-game","Waiting for all players to ready up…","Esperando todo mundo ficar pronto…","",""
"DAN-046","Dance","The lobby","In-game","Show QR code","Ver o código QR","",""
"DAN-047","Dance","The lobby","In-game","Clear impostor song","Tirar a música do impostor","",""
"DAN-048","Dance","The lobby","In-game","Fewer impostors","Menos impostores","",""
"DAN-049","Dance","The lobby","In-game","More impostors","Mais impostores","",""
"DAN-050","Dance","The lobby","In-game","Game Mode","Modo de jogo","",""
"DAN-051","Dance","The lobby","In-game","Host","Anfitrião","",""
"DAN-052","Dance","The lobby","In-game","Player","Jogador","",""
"DAN-053","Dance","The lobby","In-game","{name} (YOU)","{name} (VOCÊ)","",""
"DAN-054","Dance","The lobby","In-game","Impostor","Impostor","",""
"DAN-055","Dance","The lobby","In-game","Impostors","Impostores","",""
"DAN-056","Dance","The lobby","In-game","Keep your screen on to stay in the game.","Deixe a tela ligada para não sair da partida.","",""
"DAN-057","Dance","The lobby","In-game","Loading songs…","Carregando as músicas…","",""
"DAN-058","Dance","The lobby","In-game","Still loading songs…","Ainda carregando as músicas…","",""
"DAN-059","Dance","The lobby","In-game","The music service is slow right now, hang on…","O serviço de música está lento agora, só um instante…","",""
"DAN-060","Dance","The lobby","In-game","Finding an impostor song with a different vibe…","Procurando para o impostor uma música com outra pegada…","",""
"DAN-061","Dance","The lobby","In-game","Still listening for a contrast…","Ainda procurando o contraste…","",""
"DAN-062","Dance","The lobby","In-game","← Quit Game","← Sair da partida","",""
"DAN-063","Dance","The lobby","In-game","← Leave Room","← Sair da sala","",""
"DAN-064","Dance","The lobby","In-game","Need {count} more player to start.","Falta {count} jogador para começar.","",""
"DAN-065","Dance","The lobby","In-game","Need {count} more players to start.","Faltam {count} jogadores para começar.","",""
"DAN-066","Dance","The lobby","In-game","Need {count} more dancer to start.","Falta {count} dançarino para começar.","",""
"DAN-067","Dance","The lobby","In-game","Need {count} more dancers to start.","Faltam {count} dançarinos para começar.","",""
"DAN-068","Dance","The lobby","In-game","Need {count} more player. Share the code!","Falta {count} jogador. Compartilhe o código!","",""
"DAN-069","Dance","The lobby","In-game","Need {count} more players. Share the code!","Faltam {count} jogadores. Compartilhe o código!","",""
"DAN-070","Dance","The lobby","In-game","Need {count} more dancer. Share the code!","Falta {count} dançarino. Compartilhe o código!","",""
"DAN-071","Dance","The lobby","In-game","Need {count} more dancers. Share the code!","Faltam {count} dançarinos. Compartilhe o código!","",""
"DAN-072","Dance","The lobby","In-game","Waiting for everyone to ready up…","Esperando todo mundo ficar pronto…","",""
"DAN-073","Dance","The lobby","In-game","Waiting for host to start…","Esperando o anfitrião começar…","",""
"DAN-074","Dance","The lobby","In-game","Waiting for {count} more player to ready up…","Esperando mais {count} jogador ficar pronto…","",""
"DAN-075","Dance","The lobby","In-game","Waiting for {count} more players to ready up…","Esperando mais {count} jogadores ficarem prontos…","",""
"DAN-076","Dance","The lobby","In-game","Pick the group song to start.","Escolha a música do grupo para começar.","",""
"DAN-077","Dance","The lobby","In-game","Everyone is ready. Hit start!","Todo mundo pronto. Bora começar!","",""
"DAN-078","Dance","The lobby","In-game","I'm Ready","Estou pronto","",""
"DAN-079","Dance","The lobby","In-game","I'm Not Ready","Não estou pronto","",""
"DAN-080","Dance","The lobby","In-game","✓ Ready","✓ Pronto","",""
"DAN-081","Dance","The lobby","In-game","Waiting","Esperando","",""
"DAN-082","Dance","The lobby","In-game","Host","Anfitrião","",""
"DAN-083","Dance","The lobby","In-game","DJ","DJ","",""
"DAN-084","Dance","The lobby","In-game","YOU","VOCÊ","",""
"DAN-085","Dance","The lobby","In-game","Host's Choice","O anfitrião escolhe","",""
"DAN-086","Dance","The lobby","In-game","Pick the group song…","Escolha a música do grupo…","",""
"DAN-087","Dance","The lobby","In-game","Impostor song (optional)","Música do impostor (opcional)","",""
"DAN-088","Dance","The lobby","In-game","🎵 {title} — {artist}","🎵 {title} — {artist}","",""
"DAN-089","Dance","Choosing a game mode","In-game","Pick a game mode","Escolha o modo de jogo","",""
"DAN-090","Dance","Choosing a game mode","In-game","Imposter Challenge","Desafio do Impostor","",""
"DAN-091","Dance","Choosing a game mode","In-game","One player hears a different song. Dance and catch the imposter.","Um jogador escuta outra música. Dancem e descubram quem é.","",""
"DAN-092","Dance","Choosing a game mode","In-game","DJ Mode","Modo DJ","",""
"DAN-093","Dance","Choosing a game mode","In-game","The host becomes the DJ and picks the songs for an Imposter round.","O anfitrião vira DJ e escolhe as músicas da rodada.","",""
"DAN-094","Dance","Choosing a game mode","In-game","Find Your Squad","Ache a Sua Turma","",""
"DAN-095","Dance","Choosing a game mode","In-game","Half the players hear the same song. Dance and find the player sharing your music.","Metade escuta a mesma música. Dance e ache quem está com você.","",""
"DAN-096","Dance","Choosing a game mode","In-game","Partner Hunt","Ache o Seu Par","",""
"DAN-097","Dance","Choosing a game mode","In-game","Players are grouped into pairs. Each pair hears a different song. Find your matching teammate.","Os jogadores são divididos em duplas e cada dupla escuta uma música diferente. Ache a sua.","",""
"DAN-098","Dance","Choosing a game mode","In-game","Coming soon","Em breve","",""
"DAN-099","Dance","Choosing a game mode","In-game","🙋 I want this sooner","🙋 Quero logo","",""
"DAN-100","Dance","Choosing a game mode","In-game","🎉 You're on the list","🎉 Você está na lista","",""
"DAN-101","Dance","Choosing a game mode","In-game","Thanks! We'll build it if enough of you want it 🎉","Valeu! Se muita gente pedir, a gente faz 🎉","",""
"DAN-102","Dance","Choosing music and categories","In-game","Select","Escolher","",""
"DAN-103","Dance","Choosing music and categories","In-game","Done","Pronto","",""
"DAN-104","Dance","Choosing music and categories","In-game","Pick music categories","Escolha as categorias de música","",""
"DAN-105","Dance","Choosing music and categories","In-game","Close","Fechar","",""
"DAN-106","Dance","Choosing music and categories","In-game","Select","Escolher","",""
"DAN-107","Dance","Choosing music and categories","In-game","Cancel","Cancelar","",""
"DAN-108","Dance","English-only song categories","English only","International","","",""
"DAN-109","Dance","English-only song categories","English only","Indian","","",""
"DAN-110","Dance","English-only song categories","English only","TikTok and Reels","","",""
"DAN-111","Dance","English-only song categories","English only","What's trending on TikTok and Reels","","",""
"DAN-112","Dance","English-only song categories","English only","Today's Pop","","",""
"DAN-113","Dance","English-only song categories","English only","Chart-topping hits playing right now","","",""
"DAN-114","Dance","English-only song categories","English only","K-Pop","","",""
"DAN-115","Dance","English-only song categories","English only","The biggest K-pop hits right now","","",""
"DAN-116","Dance","English-only song categories","English only","Latin Hits","","",""
"DAN-117","Dance","English-only song categories","English only","Reggaeton and Latin chart-toppers","","",""
"DAN-118","Dance","English-only song categories","English only","80s Hits","","",""
"DAN-119","Dance","English-only song categories","English only","The biggest songs of the 80s","","",""
"DAN-120","Dance","English-only song categories","English only","90s Hits","","",""
"DAN-121","Dance","English-only song categories","English only","The biggest songs of the 90s","","",""
"DAN-122","Dance","English-only song categories","English only","Bollywood","","",""
"DAN-123","Dance","English-only song categories","English only","Trending songs from Bollywood","","",""
"DAN-124","Dance","English-only song categories","English only","Tamil","","",""
"DAN-125","Dance","English-only song categories","English only","Trending Tamil songs","","",""
"DAN-126","Dance","English-only song categories","English only","Telugu","","",""
"DAN-127","Dance","English-only song categories","English only","Trending Telugu songs","","",""
"DAN-128","Dance","English-only song categories","English only","Kannada","","",""
"DAN-129","Dance","English-only song categories","English only","Trending Kannada songs","","",""
"DAN-130","Dance","English-only song categories","English only","Malayalam","","",""
"DAN-131","Dance","English-only song categories","English only","Trending Malayalam songs","","",""
"DAN-132","Dance","Portuguese-only song categories","Portuguese only","","Categorias","",""
"DAN-133","Dance","Portuguese-only song categories","Portuguese only","","TikTok e Reels","",""
"DAN-134","Dance","Portuguese-only song categories","Portuguese only","","O que está bombando no TikTok e no Reels","",""
"DAN-135","Dance","Portuguese-only song categories","Portuguese only","","Funk","",""
"DAN-136","Dance","Portuguese-only song categories","Portuguese only","","Do baile carioca aos hits que tocam em todo lugar","",""
"DAN-137","Dance","Portuguese-only song categories","Portuguese only","","Sertanejo","",""
"DAN-138","Dance","Portuguese-only song categories","Portuguese only","","Sofrência, modão e sertanejo universitário","",""
"DAN-139","Dance","Portuguese-only song categories","Portuguese only","","Hits Globais","",""
"DAN-140","Dance","Portuguese-only song categories","Portuguese only","","Músicas que todo mundo reconhece, em qualquer língua","",""
"DAN-141","Dance","Song groups","In-game","Pick the group song","Escolha a música do grupo","",""
"DAN-142","Dance","Song groups","In-game","Create a song group","Criar uma lista de músicas","",""
"DAN-143","Dance","Song groups","In-game","Add at least 4 songs","Adicione pelo menos 4 músicas","",""
"DAN-144","Dance","Song groups","In-game","Save","Salvar","",""
"DAN-145","Dance","Song groups","In-game","Done","Pronto","",""
"DAN-146","Dance","Song groups","In-game","Group Created!","Lista criada!","",""
"DAN-147","Dance","Song groups","In-game","Your song group is ready.","Sua lista de músicas está pronta.","",""
"DAN-148","Dance","Song groups","In-game","Your browser paused the song. One tap and you'll drop in, right in sync with everyone else.","O navegador pausou a música. Um toque e você entra, no mesmo ponto que todo mundo.","",""
"DAN-149","Dance","Song groups","In-game","Search for a song","Busque uma música","",""
"DAN-150","Dance","Song groups","In-game","Search song or artist…","Busque música ou artista…","",""
"DAN-151","Dance","Song groups","In-game","Search a song to add…","Busque uma música para adicionar…","",""
"DAN-152","Dance","Song groups","In-game","Clear search","Limpar a busca","",""
"DAN-153","Dance","Song groups","In-game","Group name (optional)","Nome da lista (opcional)","",""
"DAN-154","Dance","Song groups","In-game","Delete group","Apagar a lista","",""
"DAN-155","Dance","Song groups","In-game","Group created","Lista criada","",""
"DAN-156","Dance","Song groups","In-game","You're offline. Reconnect and tap Start again.","Você está sem conexão. Reconecte e toque em Começar de novo.","",""
"DAN-157","Dance","Song groups","In-game","Couldn't load the songs. The music service isn't responding. Tap Start to try again.","Não deu para carregar as músicas. O serviço de música não está respondendo. Toque em Começar para tentar de novo.","",""
"DAN-158","Dance","Song groups","In-game","Couldn't load enough songs. The music service isn't responding. Tap Start to try again.","Não deu para carregar músicas suficientes. O serviço de música não está respondendo. Toque em Começar para tentar de novo.","",""
"DAN-159","Dance","Song groups","In-game","Couldn't find an impostor song. Pick one yourself, or tap Start to try again.","Não achamos uma música para o impostor. Escolha uma você mesmo, ou toque em Começar para tentar de novo.","",""
"DAN-160","Dance","Song groups","In-game","Pick the group song first","Escolha primeiro a música do grupo","",""
"DAN-161","Dance","Song groups","In-game","Pick two different songs","Escolha duas músicas diferentes","",""
"DAN-162","Dance","Song groups","In-game","{count} song","{count} música","",""
"DAN-163","Dance","Song groups","In-game","{count} songs","{count} músicas","",""
"DAN-164","Dance","Song groups","In-game","Pick the group song","Escolha a música do grupo","",""
"DAN-165","Dance","Song groups","In-game","Pick the impostor song","Escolha a música do impostor","",""
"DAN-166","Dance","Song groups","In-game","Searching…","Procurando…","",""
"DAN-167","Dance","Song groups","In-game","No songs found — try a different search.","Nenhuma música encontrada. Tente outra busca.","",""
"DAN-168","Dance","Song groups","In-game","Search for any song","Busque qualquer música","",""
"DAN-169","Dance","Song groups","In-game","My Groups","Minhas listas","",""
"DAN-170","Dance","Song groups","In-game","My Group","Minha lista","",""
"DAN-171","Dance","Song groups","In-game","Song Group {n}","Lista {n}","",""
"DAN-172","Dance","Song groups","In-game","+ Create a song group","+ Criar uma lista de músicas","",""
"DAN-173","Dance","Song groups","In-game","Create a song group","Criar uma lista de músicas","",""
"DAN-174","Dance","Song groups","In-game","Edit song group","Editar a lista","",""
"DAN-175","Dance","Song groups","In-game","{count} song · on this session","{count} música · só nesta sessão","",""
"DAN-176","Dance","Song groups","In-game","{count} songs · on this session","{count} músicas · só nesta sessão","",""
"DAN-177","Dance","Song groups","In-game","You can keep up to {count} song group. Edit or delete one to add another.","Dá para guardar até {count} lista. Edite ou apague uma para adicionar outra.","",""
"DAN-178","Dance","Song groups","In-game","You can keep up to {count} song groups. Edit or delete one to add another.","Dá para guardar até {count} listas. Edite ou apague uma para adicionar outra.","",""
"DAN-179","Dance","Song groups","In-game","You can keep up to {count} song group","Dá para guardar até {count} lista","",""
"DAN-180","Dance","Song groups","In-game","You can keep up to {count} song groups","Dá para guardar até {count} listas","",""
"DAN-181","Dance","Song groups","In-game","Up to {count} song per group","Até {count} música por lista","",""
"DAN-182","Dance","Song groups","In-game","Up to {count} songs per group","Até {count} músicas por lista","",""
"DAN-183","Dance","Song groups","In-game","Song group saved to your account","Lista salva na sua conta","",""
"DAN-184","Dance","Song groups","In-game","Group saved. Your account is at the group limit, the rest stay session-only.","Lista salva. Sua conta chegou no limite, então as outras ficam só nesta sessão.","",""
"DAN-185","Dance","Song groups","In-game","Your account is at the group limit, so your session group was not saved.","Sua conta chegou no limite de listas, então a lista desta sessão não foi salva.","",""
"DAN-186","Dance","Song groups","In-game","Delete ""{name}""?","Apagar “{name}”?","",""
"DAN-187","Dance","Song groups","In-game","Discard this song group?","Descartar esta lista?","",""
"DAN-188","Dance","Playing the round","In-game","Your song is different — blend in and dance like you fit the vibe.","A sua música é outra. Disfarce e dance como se fosse a de todo mundo.","",""
"DAN-189","Dance","Playing the round","In-game","NOW PLAYING","TOCANDO AGORA","",""
"DAN-190","Dance","Playing the round","In-game","Track —","Música —","",""
"DAN-191","Dance","Playing the round","In-game","End Round","Terminar a rodada","",""
"DAN-192","Dance","Playing the round","In-game","Dance to the song! Watch who's off the vibe.","Bora dançar! Fique de olho em quem está fora do ritmo.","",""
"DAN-193","Dance","Playing the round","In-game","Tap to start the music","Toque para começar a música","",""
"DAN-194","Dance","Playing the round","In-game","You're the Impostor","Você é o impostor","",""
"DAN-195","Dance","Playing the round","In-game","Game Master","Mestre","",""
"DAN-196","Dance","Playing the round","In-game","🎵 NOW PLAYING","🎵 TOCANDO AGORA","",""
"DAN-197","Dance","Playing the round","In-game","{title} — {artist}","{title} — {artist}","",""
"DAN-198","Dance","Playing the round","In-game","End Round","Terminar a rodada","",""
"DAN-199","Dance","Playing the round","In-game","Impostor: {names}","Impostor: {names}","",""
"DAN-200","Dance","Playing the round","In-game","Impostors: {names}","Impostores: {names}","",""
"DAN-201","Dance","Playing the round","In-game","You're watching — everyone else is dancing.","Você só assiste. O resto dança.","",""
"DAN-202","Dance","Playing the round","In-game","Dance to your song and find the others on your wavelength.","Dance a sua música e ache quem está no mesmo ritmo que você.","",""
"DAN-203","Dance","Playing the round","In-game","Dance to the song! Watch who's off the vibe.","Bora dançar! Fique de olho em quem está fora do ritmo.","",""
"DAN-204","Dance","Playing the round","In-game","Find Your Group","Ache a sua turma","",""
"DAN-205","Dance","Playing the round","In-game","Find the Impostor","Descubram o impostor","",""
"DAN-206","Dance","Playing the round","In-game","who shared your song?","quem estava na sua música?","",""
"DAN-207","Dance","Playing the round","In-game","who danced off the vibe?","quem estava fora do ritmo?","",""
"DAN-208","Dance","Playing the round","In-game","Reveal Groups","Revelar as turmas","",""
"DAN-209","Dance","Playing the round","In-game","Reveal Impostor","Revelar impostor","",""
"DAN-210","Dance","Playing the round","In-game","Everyone locked in their guess? Hit Reveal to show the groups.","Todo mundo já se decidiu? Toque em Revelar para mostrar as turmas.","",""
"DAN-211","Dance","Playing the round","In-game","You know who it is — enjoy the debate, then reveal.","Você sabe quem é. Aproveite a discussão e depois revele.","",""
"DAN-212","Dance","Playing the round","In-game","Hit Reveal when everyone is ready.","Toque em Revelar quando todo mundo estiver pronto.","",""
"DAN-213","Dance","Playing the round","In-game","waiting for the host to reveal the groups….","esperando o anfitrião revelar as turmas….","",""
"DAN-214","Dance","Playing the round","In-game","waiting for host to reveal impostor….","esperando o anfitrião revelar o impostor….","",""
"DAN-215","Dance","Playing the round","In-game","Tap to start the music","Toque para começar a música","",""
"DAN-216","Dance","Playing the round","In-game","Your browser paused the song. One tap and you'll drop in, right in sync with everyone else.","O navegador pausou a música. Um toque e você entra, no mesmo ponto que todo mundo.","",""
"DAN-217","Dance","Playing the round","In-game","Couldn't load the song","Não deu para carregar a música","",""
"DAN-218","Dance","Playing the round","In-game","The music service didn't answer. Tap to try again and you'll drop back in with everyone else.","O serviço de música não respondeu. Toque para tentar de novo e entrar junto com todo mundo.","",""
"DAN-219","Dance","Discussion and voting","In-game","Find the Impostor","Descubram o impostor","",""
"DAN-220","Dance","Discussion and voting","In-game","who danced off the vibe?","quem estava fora do ritmo?","",""
"DAN-221","Dance","Discussion and voting","In-game","Reveal Impostor","Revelar impostor","",""
"DAN-222","Dance","End of the round","In-game","Round Over","Fim da rodada","",""
"DAN-223","Dance","End of the round","In-game","TheImpostorwas","OImpostorera","",""
"DAN-224","Dance","End of the round","In-game","Crewmates heard","O grupo escutou","",""
"DAN-225","Dance","End of the round","In-game","Impostor heard","O impostor escutou","",""
"DAN-226","Dance","End of the round","In-game","Play Again","Outra rodada","",""
"DAN-227","Dance","End of the round","In-game","Exit Room","Sair da sala","",""
"DAN-228","Dance","End of the round","In-game","Round Over","Fim da rodada","",""
"DAN-229","Dance","End of the round","In-game","The Reveal!","A revelação!","",""
"DAN-230","Dance","End of the round","In-game","Round complete. Here are the squads…","Fim da rodada. As turmas eram estas…","",""
"DAN-231","Dance","End of the round","In-game","was","era","",""
"DAN-232","Dance","End of the round","In-game","were","eram","",""
"DAN-233","Dance","End of the round","In-game","Impostor heard","O impostor escutou","",""
"DAN-234","Dance","End of the round","In-game","Impostors heard","Os impostores escutaram","",""
"DAN-235","Dance","End of the round","In-game","YOUR SQUAD","SUA TURMA","",""
"DAN-236","Dance","End of the round","In-game","THE OTHER SQUAD","A OUTRA TURMA","",""
"DAN-237","Dance","End of the round","In-game","SQUAD {n}","TURMA {n}","",""
"DAN-238","Dance","End of the round","In-game","Quit Game","Sair da partida","",""
"DAN-239","Dance","End of the round","In-game","Exit Room","Sair da sala","",""
"DAN-240","Dance","Leaving a game","In-game","Quit anyway","Sair mesmo assim","",""
"DAN-241","Dance","Errors and messages","In-game","Firebase not configured","Firebase não configurado","",""
"DAN-242","Dance","Errors and messages","In-game","Firebase not configured — see README","Firebase não configurado. Veja o README.","",""
"DAN-243","Dance","Errors and messages","In-game","Room closed","Sala fechada","",""
"DAN-244","Dance","Errors and messages","In-game","Room not found","Sala não encontrada","",""
"DAN-245","Dance","Errors and messages","In-game","No room found with that code","Não achamos nenhuma sala com esse código","",""
"DAN-246","Dance","Errors and messages","In-game","Game already in progress","A partida já começou","",""
"DAN-247","Dance","Errors and messages","In-game","Room is full","A sala está cheia","",""
"DAN-248","Dance","Errors and messages","In-game","Could not check room: {detail}","Não deu para verificar a sala: {detail}","",""
"DAN-249","Dance","Errors and messages","In-game","Choose a nickname","Escolha um nome","",""
"DAN-250","Dance","Errors and messages","In-game","Could not join","Não deu para entrar","",""
"DAN-251","Dance","Errors and messages","In-game","Failed to create room: {detail}","Não deu para criar a sala: {detail}","",""
"DAN-252","Dance","Errors and messages","In-game","Could not load songs","Não deu para carregar as músicas","",""
"DAN-253","Dance","Errors and messages","In-game","Could not change category","Não deu para trocar de categoria","",""
"DAN-254","Dance","Errors and messages","In-game","Could not change mode","Não deu para trocar de modo","",""
"DAN-255","Dance","Errors and messages","In-game","Could not select group","Não deu para escolher a lista","",""
"DAN-256","Dance","Errors and messages","In-game","Could not save group","Não deu para salvar a lista","",""
"DAN-257","Dance","Errors and messages","In-game","Could not copy","Não deu para copiar","",""
"DAN-258","Dance","Errors and messages","In-game","No track loaded","Nenhuma música carregada","",""
"DAN-259","Dance","Errors and messages","In-game","Room code copied","Código copiado","",""
"DAN-260","Dance","Rating and feedback","In-game","Enjoying the game? 🎉","Está curtindo? 🎉","",""
"DAN-261","Dance","Rating and feedback","In-game","What should we make better?","O que dá para melhorar no jogo?","",""
"DAN-262","Dance","Rating and feedback","In-game","Your feedback","Seu comentário","",""
"DAN-263","Dance","Rating and feedback","In-game","Help us improve","Conte o que dá para melhorar","",""
"DAN-264","Dance","Rating and feedback","In-game","Send","Enviar","",""
"DAN-265","Dance","Rating and feedback","In-game","Enjoying the game?","Está curtindo?","",""
"DAN-266","Dance","Rating and feedback","In-game","Not great","Fraco","",""
"DAN-267","Dance","Rating and feedback","In-game","It's okay","Normal","",""
"DAN-268","Dance","Rating and feedback","In-game","Good","Bom","",""
"DAN-269","Dance","Rating and feedback","In-game","Love it","Amei","",""
"DAN-270","Dance","Rating and feedback","In-game","Having a good time?","Está sendo divertido?","",""
"DAN-271","Dance","Rating and feedback","In-game","Having a good time? 😀","Está sendo divertido? 😀","",""
"DAN-272","Dance","Rating and feedback","In-game","Your support helps keep Impostor Games free and motivates me to keep making fun little party games for you and your friends.","Seu apoio ajuda a manter o Impostor Games grátis e me anima a continuar criando joguinhos divertidos para você e seus amigos.","",""
"DAN-273","Dance","Rating and feedback","In-game","☕ Buy me a coffee","☕ Me pague um café","",""
"DAN-274","Dance","Rating and feedback","In-game","Not now","Agora não","",""
"DAN-275","Dance","Rating and feedback","In-game","Thanks! 🙏","Valeu! 🙏","",""
"DAN-276","Dance","Account and sign in","In-game","Sign in to save and use anytime.","Entre para salvar e usar quando quiser.","",""
"DAN-277","Dance","Account and sign in","In-game","Sign in & Save","Entrar & salvar","",""
"DAN-278","Dance","Account and sign in","In-game","Save it to your account and use it anytime.","Salve na sua conta e use quando quiser.","",""
"DAN-279","Dance","Account and sign in","In-game","Continue as Guest","Seguir como visitante","",""
"DAN-280","Dance","Account and sign in","In-game","Available only during this session.","Disponível só nesta sessão.","",""
"DAN-281","Dance","Account and sign in","In-game","Lose your song group?","Perder a sua lista de músicas?","",""
"DAN-282","Dance","Account and sign in","In-game","Signing in keeps it for next time.","Se você entrar, ela fica salva para a próxima.","",""
"DAN-283","Dance","Language","In-game","Cancel","Cancelar","",""
"DAN-284","Dance","Language","In-game","The whole game will be in {lang}: the songs and the buttons. Everyone in a room plays in the same language.","O jogo inteiro vai ser em {lang}: as músicas e os botões. Numa sala todo mundo joga no mesmo idioma.","",""
"DAN-285","Dance","Screen reader labels","In-game","Edit group","Editar a lista","",""
"DAN-286","Dance","Screen reader labels","In-game","Preview","Ouvir um trecho","",""
"DAN-287","Dance","Screen reader labels","In-game","Remove","Tirar","",""
"LDAN-001","Dance","Page title and search description","Landing page","Imposter Dance Game | Free Headphones Party Game","Jogo do Impostor da Dança | Grátis e Online","",""
"LDAN-002","Dance","Page title and search description","Landing page","Who is the imposter? Everyone puts on headphones and dances to the same song, except the imposter, who hears a completely different track. Catch them by whose dancing is off-vibe. A free online imposter dance game for 3–20 friends, no app, no sign-up. Also known as the Imposter Dance Challenge. Pick one or more music categories (today's pop, K-pop, Latin, 80s and 90s hits, TikTok and Reels, Bollywood, Tamil, Telugu, Kannada, Malayalam) or use DJ Mode to have the host choose the exact song the group hears.","O Jogo do Impostor da Dança: um jogo de festa online e grátis. Todo mundo põe o fone de ouvido e dança a mesma música, menos o impostor, que escuta outra completamente diferente. Descubram quem está fora do ritmo. Jogue grátis no navegador com 3 a 20 amigos, sem app e sem cadastro. Escolha uma ou mais categorias de música (TikTok e Reels, funk, sertanejo, hits globais) ou use o Modo DJ para escolher você mesmo a música do grupo.","",""
"LDAN-003","Dance","Page title and search description","Landing page","Impostor Dance Game","Impostor da Dança","",""
"LDAN-004","Dance","Page title and search description","Landing page","Everyone wears headphones and dances to the same song — except the impostor. A free multiplayer party game — the Imposter Dance Challenge, in your browser for 3–20 friends.","Todo mundo dança a mesma música de fone de ouvido, menos o impostor, que escuta outra. Um jogo de festa grátis: descubram quem está fora do ritmo. No navegador, para 3 a 20 amigos.","",""
"LDAN-005","Dance","Page title and search description","Landing page","Cartoon characters wearing headphones dancing together — Impostor Dance Game","Personagens de desenho dançando juntos de fone de ouvido. Impostor da Dança","",""
"LDAN-006","Dance","Page title and search description","Landing page","Impostor Dance Game","Impostor da Dança","",""
"LDAN-007","Dance","Page title and search description","Landing page","Everyone wears headphones and dances to the same song — except the impostor. A free multiplayer party game — the Imposter Dance Challenge, in your browser for 3–20 friends.","Todo mundo dança a mesma música de fone de ouvido, menos o impostor, que escuta outra. Um jogo de festa grátis: descubram quem está fora do ritmo. No navegador, para 3 a 20 amigos.","",""
"LDAN-008","Dance","How to play","Landing page","How to Play","Como jogar","",""
"LDAN-009","Dance","How to play","Landing page","A party game of bluff and beats — also known as the Imposter Dance Challenge","Uma música, um fone de ouvido e um impostor fora do ritmo","",""
"LDAN-010","Dance","How to play","Landing page","Four players wearing headphones. Three hear the same song and dance in time with each other. The fourth is the impostor, hearing a completely different track, and dances out of time.","Quatro jogadores de fone de ouvido. Três escutam a mesma música e dançam no mesmo ritmo. O quarto é o impostor: escuta outra música e está fora do compasso.","",""
"LDAN-011","Dance","How to play","Landing page","The Imposter Dance Challenge (also called the Imposter Dance Game) is a party game where every player wears headphones and dances to the same song — except one secret impostor, who hears a completely different track. The group watches the dance-off and tries to spot the impostor by their off-vibe moves. You can play it free online right here at impostorgames.com — no app, no sign-up, 3–20 players, works on any phone browser.","O Jogo do Impostor da Dança é um jogo de festa que dá para jogar pelo celular. Todo mundo põe o fone de ouvido e dança a mesma música, menos um impostor, que escuta outra completamente diferente e tem que disfarçar. O grupo olha a dança e tenta descobrir quem está fora do ritmo. Dá para jogar de graça aqui mesmo, em impostorgames.com/pt/dance: sem app, sem cadastro, de 3 a 20 jogadores e no navegador de qualquer celular.","",""
"LDAN-012","Dance","How to play","Landing page","Join a room","Entrem na sala","",""
"LDAN-013","Dance","How to play","Landing page","Join the room and tap “I’m Ready.”","Entrem todos na mesma sala e toquem em “Estou pronto”.","",""
"LDAN-014","Dance","How to play","Landing page","Get your song","Receba sua música","",""
"LDAN-015","Dance","How to play","Landing page","Most players get the same song. The Impostor gets a different song.","Quase todo mundo recebe a mesma música. O impostor recebe outra.","",""
"LDAN-016","Dance","How to play","Landing page","Start dancing","Bora dançar!","",""
"LDAN-017","Dance","How to play","Landing page","Dance to your song. If you're the Impostor, watch the others and fake it.","Dance a sua música. Se você é o impostor, olhe os outros e disfarce.","",""
"LDAN-018","Dance","How to play","Landing page","Find the Impostor","Descubram o impostor","",""
"LDAN-019","Dance","How to play","Landing page","Discuss who you think danced to a different song. The host taps Reveal to see if you're right.","Conversem sobre quem vocês acham que estava dançando outra música. O anfitrião toca em Revelar para ver se acertaram.","",""
"LDAN-020","Dance","The two ways to play","Landing page","Find Your Squad","Ache a Sua Turma","",""
"LDAN-021","Dance","The two ways to play","Landing page","No impostor. Two songs, two teams.","Sem impostor. Duas músicas, duas turmas.","",""
"LDAN-022","Dance","The two ways to play","Landing page","Four players wearing headphones, split into two squads. Two of them hear one song, shown by a matching pair of green notes. The other two hear a different song, shown by a matching pair of red notes.","Quatro jogadores de fone de ouvido, divididos em duas turmas. Dois escutam uma música, marcada com duas notas verdes iguais. Os outros dois escutam outra, marcada com duas notas vermelhas iguais.","",""
"LDAN-023","Dance","The two ways to play","Landing page","Find Your Squad has no impostor. The room splits into two teams and each team hears a different song, but nobody is told which team they are on. You find your people by watching how they move. Needs 4 players or more, and the host dances too.","Ache a Sua Turma não tem impostor. A sala se divide em duas turmas e cada uma escuta uma música diferente, mas ninguém sabe em qual turma está. Ache os seus olhando como cada um se mexe. Precisa de 4 jogadores ou mais, e o anfitrião dança também.","",""
"LDAN-024","Dance","The two ways to play","Landing page","Join a room","Entrem na sala","",""
"LDAN-025","Dance","The two ways to play","Landing page","Join the room and tap “I’m Ready.”","Entrem todos na mesma sala e toquem em “Estou pronto”.","",""
"LDAN-026","Dance","The two ways to play","Landing page","Get your song","Receba sua música","",""
"LDAN-027","Dance","The two ways to play","Landing page","The room splits into two squads. Each squad hears a different song.","A sala se divide em duas turmas. Cada turma recebe uma música diferente.","",""
"LDAN-028","Dance","The two ways to play","Landing page","Start dancing","Bora dançar!","",""
"LDAN-029","Dance","The two ways to play","Landing page","Dance to your song and watch how everyone else moves.","Dance a sua música e repare em como os outros estão se mexendo.","",""
"LDAN-030","Dance","The two ways to play","Landing page","Find your squad","Ache os seus","",""
"LDAN-031","Dance","The two ways to play","Landing page","Work out who is dancing to your song. The host taps Reveal Groups.","Descubra quem está dançando a mesma música que você. O anfitrião toca em Revelar as turmas.","",""
"LDAN-032","Dance","The two ways to play","Landing page","Three ways to play. In Imposter Challenge, the host picks a music category and the app plays a random song each round while the host dances along. In DJ Mode, the host searches for the exact song the group hears, sits out, and watches as game master, perfect when you want to control the playlist and catch the impostor yourself. In Find Your Squad there is no impostor at all: the room splits into two teams with a song each, and everyone dances, host included.","Três jeitos de jogar. No Desafio do Impostor, o anfitrião escolhe uma categoria de música, cada rodada sorteia uma música e ele dança junto com todo mundo. No Modo DJ, o anfitrião procura a música exata que o grupo vai escutar, fica de fora da rodada e assiste sabendo quem é o impostor: bom quando você quer botar a música e caçar o impostor por conta própria. Em Ache a Sua Turma não tem impostor: a sala se divide em duas turmas, cada uma com a sua música, e todo mundo dança, anfitrião incluído.","",""
"LDAN-033","Dance","Links to the other games","Landing page","More games","Mais jogos","",""
"LDAN-034","Dance","Links to the other games","Landing page","Play Impostor Artist","Jogue o Impostor do Desenho","",""
"LDAN-035","Dance","Links to the other games","Landing page","Impostor Artist","Impostor do Desenho","",""
"LDAN-036","Dance","Links to the other games","Landing page","Play","Jogar","",""
"LDAN-037","Dance","Links to the other games","Landing page","Play the Impostor Word Game","Jogue o Impostor das Palavras","",""
"LDAN-038","Dance","Links to the other games","Landing page","Word Game","Impostor das Palavras","",""
"LDAN-039","Dance","Links to the other games","Landing page","Play","Jogar","",""
"LDAN-040","Dance","Feedback call to action","Landing page","Got feedback?","Tem alguma sugestão?","",""
"LDAN-041","Dance","More games call to action","Landing page","More games","Impostor Games","",""
"LDAN-042","Dance","Frequently asked questions","Landing page","FAQ","Perguntas frequentes","",""
"LDAN-043","Dance","Frequently asked questions","Landing page","What is the Impostor Dance Game?","O que é o Jogo do Impostor da Dança?","",""
"LDAN-044","Dance","Frequently asked questions","Landing page","It's a free online party game for 3–20 players. When a round starts, everyone hears the same song on their phone — except one secret impostor, who hears a completely different track. Everyone dances to what they're hearing, and the group tries to spot the impostor by whose moves don't match the song's vibe. Think Spyfall or Among Us, but with music and dancing.","É um jogo de festa online e grátis para 3 a 20 jogadores. Quando a rodada começa, todo mundo escuta a mesma música no celular, menos um impostor, que escuta outra completamente diferente. Cada um dança o que está escutando e o grupo tenta descobrir o impostor por quem está fora do ritmo. É a ideia de Among Us, só que com música e dança.","",""
"LDAN-045","Dance","Frequently asked questions","Landing page","Is this the Imposter Dance Challenge?","É aquele desafio do impostor que aparece no TikTok?","",""
"LDAN-046","Dance","Frequently asked questions","Landing page","Yes — this is the online Imposter Dance Challenge, also known as the Imposter Dance Game. Everyone puts on headphones and dances to the same song, except one secret impostor who's hearing a completely different tune. The group watches the dance-off and tries to catch whoever's moving off-vibe — the same viral party game, playable right in your browser with 3–20 friends.","É esse mesmo. Nos vídeos, todo mundo dança a mesma música de fone de ouvido menos uma pessoa, que escuta outra e tenta disfarçar enquanto o grupo tenta descobrir quem é. Aqui funciona igual, só que a página cuida da parte chata: sorteia as músicas, escolhe o impostor em segredo e deixa todo mundo no mesmo ponto da música. Basta abrir a página, mandar o código da sala e colocar o fone.","",""
"LDAN-047","Dance","Frequently asked questions","Landing page","Is there an Imposter Dance Game app?","Tem app do Jogo do Impostor da Dança?","",""
"LDAN-048","Dance","Frequently asked questions","Landing page","No download needed — the Imposter Dance Game runs right in your phone's browser. Just open the page and share a room code. It works on iPhone and Android instantly, with no app to install.","Não precisa baixar nada. O jogo roda no navegador do celular: você abre a página, compartilha o código da sala e cada um entra pelo seu aparelho. Funciona na hora no iPhone e no Android. A única coisa que precisa ter em mãos é o fone de ouvido, um por jogador.","",""
"LDAN-049","Dance","Frequently asked questions","Landing page","Is it free to play?","É grátis?","",""
"LDAN-050","Dance","Frequently asked questions","Landing page","Yes, completely free. There's no sign-up, no app to install, and no payment. Just open the page in any phone browser and share a room code with your friends.","Sim, totalmente grátis. Sem cadastro, sem app e sem pagar nada. Abra a página no navegador de qualquer celular e mande o código da sala para a galera.","",""
"LDAN-051","Dance","Frequently asked questions","Landing page","How many players do I need?","Quantos jogadores precisa?","",""
"LDAN-052","Dance","Frequently asked questions","Landing page","At least 3 players, up to 20. One person creates the room and becomes the host; everyone else joins with the 4-character room code.","De 3 a 20 jogadores. Uma pessoa cria a sala e vira o anfitrião; o resto entra com o código de 4 caracteres ou lendo o QR code.","",""
"LDAN-053","Dance","Frequently asked questions","Landing page","Do I need headphones?","Precisa de fone de ouvido?","",""
"LDAN-054","Dance","Frequently asked questions","Landing page","Yes — each player needs their own headphones or earbuds. The whole game depends on the impostor hearing a different song without anyone else noticing, so audio can't leak out loud.","Precisa, e não tem como jogar sem: um para cada jogador. O jogo inteiro depende de o impostor escutar outra música sem ninguém perceber, então o som não pode sair no alto-falante.","",""
"LDAN-055","Dance","Frequently asked questions","Landing page","What kind of music does it use?","Que músicas tocam?","",""
"LDAN-056","Dance","Frequently asked questions","Landing page","The host picks one or more categories before each round: today's pop, 80s and 90s hits, trending TikTok and Reels songs, K-pop, and Latin hits, plus regional favorites from Bollywood, Tamil, Telugu, Kannada, and Malayalam. Several categories can be combined into one shuffle, so a mixed group hears a bit of everything. A random song from the chosen categories plays each round, with a different but similar track for the impostor.","O anfitrião escolhe uma ou mais categorias antes da rodada: TikTok e Reels com o que está bombando agora, Funk do baile carioca aos hits que tocam em todo lugar, Sertanejo com sofrência e modão, e Hits Globais com músicas que todo mundo reconhece em qualquer língua. Dá para misturar várias na mesma rodada. Cada rodada sorteia uma música do que foi escolhido, e o impostor recebe outra, diferente mas parecida.","",""
"LDAN-057","Dance","Frequently asked questions","Landing page","Can the host pick the exact song? (DJ Mode)","O anfitrião pode escolher a música? (Modo DJ)","",""
"LDAN-058","Dance","Frequently asked questions","Landing page","Yes, that's DJ Mode. Instead of a random song from a category, the host searches for any song the group dances to, sits out of the round, and watches as game master, knowing who the impostor is. The app still picks a contrasting track for the impostor, or the host can choose that too. The default mode, Imposter Challenge, plays a random song from a category and the host dances along.","Pode, isso é o Modo DJ. Em vez de sortear uma música da categoria, o anfitrião procura a que ele quiser, fica de fora da rodada e assiste sabendo quem é o impostor. O app continua escolhendo para o impostor uma música que contrasta, ou o anfitrião escolhe essa também. O modo padrão, Desafio do Impostor, sorteia uma música da categoria e o anfitrião dança junto.","",""
"LDAN-059","Dance","Frequently asked questions","Landing page","Can I play on one device?","Dá para jogar com um celular só?","",""
"LDAN-060","Dance","Frequently asked questions","Landing page","No — it's a real-time multiplayer game. Every player uses their own phone so each person privately hears either the crewmate song or the impostor song.","Não dá. Este é um jogo em tempo real e cada jogador precisa do próprio celular e do próprio fone de ouvido, porque cada um tem que escutar em segredo a música do grupo ou a do impostor. Se vocês só têm um celular, o Impostor das Palavras e o Impostor do Desenho funcionam assim.","",""
"LDAN-061","Dance","Frequently asked questions","English only","Is this a free alternative to the ""Who is the Impostor"" app?","","",""
"LDAN-062","Dance","Frequently asked questions","English only","Yes. ""Who is the Impostor?"" is the viral dance party game where everyone dances to the same song except one impostor hearing a different tune in their headphones, then players vote to catch them. The Impostor Dance Game is a free browser version of the same idea: no app to download, no sign-up, no ads. Open the page, share a room code, and play with 3–20 friends on their own phones. There's even a DJ Mode where the host picks the exact song.","","",""
"LDAN-063","Dance","Frequently asked questions","English only","Where can I play the Imposter Dance Challenge online?","","",""
"LDAN-064","Dance","Frequently asked questions","English only","Right here at impostorgames.com. It's a free browser version of the viral Imposter Dance Challenge — one player creates a room, shares the 4-character code (or QR code), and 3–20 friends join from their own phones. No app, no account, no cost.","","",""
"LDAN-065","Dance","Frequently asked questions","English only","How do you play the imposter dance trend from TikTok and Reels?","","",""
"LDAN-066","Dance","Frequently asked questions","English only","Exactly like the videos: everyone puts on headphones, one secret impostor gets a different song, and the group dances together and tries to spot who's moving to the wrong beat. This site handles the hard part automatically — syncing the music and secretly assigning the impostor — so you can play the trend at home with just your phones.","","",""
"LDAN-067","Dance","Frequently asked questions","Portuguese only","","Precisa saber dançar?","",""
"LDAN-068","Dance","Frequently asked questions","Portuguese only","","Não, e é bom que não. O que entrega o impostor não é dançar mal, é dançar outra coisa: um movimento arrastado em cima de uma música acelerada aparece na hora, mesmo com todo mundo dançando mal. Se mexer de qualquer jeito já dá para jogar.","",""
"WOR-001","Word","Home screen","In-game","← All games","← Impostor Games","",""
"WOR-002","Word","Home screen","In-game","Impostor
Word Game","Impostor
das Palavras","",""
"WOR-003","Word","Home screen","In-game","Impostor Word Game logo, a cute character juggling word cards","Logo do Impostor das Palavras, um personagem fazendo malabarismo com cartas de palavras","",""
"WOR-004","Word","Home screen","In-game","Create or Join the game","Crie uma sala ou entre em uma partida","",""
"WOR-005","Word","Home screen","In-game","Create","Criar","",""
"WOR-006","Word","Home screen","In-game","Create and be the host","Crie a sala e seja o anfitrião","",""
"WOR-007","Word","Home screen","In-game","Join","Entrar","",""
"WOR-008","Word","Home screen","In-game","Join an existing game","Entre em uma partida que já existe","",""
"WOR-009","Word","Home screen","In-game","Back to all games","Voltar para Impostor Games","",""
"WOR-010","Word","Home screen","In-game","Jump to How to Play","Ir para Como jogar","",""
"WOR-011","Word","Home screen","In-game","How to play","Como jogar","",""
"WOR-012","Word","Creating or joining a room","In-game","← Back","← Voltar","",""
"WOR-013","Word","Creating or joining a room","In-game","Room Code","Código da sala","",""
"WOR-014","Word","Creating or joining a room","In-game","Enter room code to join game","Digite o código para entrar na sala","",""
"WOR-015","Word","Creating or joining a room","In-game","Name","Nome","",""
"WOR-016","Word","Creating or joining a room","In-game","Enter room","Entrar na sala","",""
"WOR-017","Word","Creating or joining a room","In-game","Create Room","Criar sala","",""
"WOR-018","Word","Creating or joining a room","In-game","← Leave","← Sair","",""
"WOR-019","Word","Creating or joining a room","In-game","Room Created! 🎉","Sala criada! 🎉","",""
"WOR-020","Word","Creating or joining a room","In-game","Players can scan or enter the code to join.","Os outros podem escanear o QR ou digitar o código para entrar.","",""
"WOR-021","Word","Creating or joining a room","In-game","Scan code","Escaneie o código","",""
"WOR-022","Word","Creating or joining a room","In-game","or enter code","ou digite o código","",""
"WOR-023","Word","Creating or joining a room","In-game","Copy code","Copiar código","",""
"WOR-024","Word","Creating or joining a room","In-game","or","ou","",""
"WOR-025","Word","Creating or joining a room","In-game","Choose Pass the Phone mode to play on one phone.","Escolha o modo Passar o celular para jogar com um celular só.","",""
"WOR-026","Word","Creating or joining a room","In-game","Go to Lobby","Ir para a sala","",""
"WOR-027","Word","Creating or joining a room","In-game","Scan to join this room","Escaneie para entrar na sala","",""
"WOR-028","Word","Creating or joining a room","In-game","Enter Nick Name","Digite seu nome","",""
"WOR-029","Word","Creating or joining a room","In-game","Copy room code","Copiar o código da sala","",""
"WOR-030","Word","Creating or joining a room","In-game","Room QR code","Código QR da sala","",""
"WOR-031","Word","Creating or joining a room","In-game","That code is a room in {game}. Taking you there…","Esse código é de uma sala do {game}. Levando você para lá…","",""
"WOR-032","Word","The lobby","In-game","How to play","Como jogar","",""
"WOR-033","Word","The lobby","In-game","Lobby","Sala","",""
"WOR-034","Word","The lobby","In-game","Everyone has a Phone","Cada um com seu celular","",""
"WOR-035","Word","The lobby","In-game","Category","Categoria","",""
"WOR-036","Word","The lobby","In-game","Impostors","Impostores","",""
"WOR-037","Word","The lobby","In-game","1 Impostor","1 Impostor","",""
"WOR-038","Word","The lobby","In-game","Players","Jogadores","",""
"WOR-039","Word","The lobby","In-game","0 / 0 ready","0 / 0 prontos","",""
"WOR-040","Word","The lobby","In-game","0 players","0 jogadores","",""
"WOR-041","Word","The lobby","In-game","Start Game","Começar","",""
"WOR-042","Word","The lobby","In-game","Waiting for all players to ready up…","Esperando todo mundo ficar pronto…","",""
"WOR-043","Word","The lobby","In-game","Show QR code","Ver o código QR","",""
"WOR-044","Word","The lobby","In-game","Fewer impostors","Menos impostores","",""
"WOR-045","Word","The lobby","In-game","More impostors","Mais impostores","",""
"WOR-046","Word","The lobby","In-game","Game Mode","Modo de jogo","",""
"WOR-047","Word","The lobby","In-game","Player {n}","Jogador {n}","",""
"WOR-048","Word","The lobby","In-game","Player","Jogador","",""
"WOR-049","Word","The lobby","In-game","Host","Anfitrião","",""
"WOR-050","Word","The lobby","In-game","Keep your screen on to stay in the game.","Deixe a tela ligada para não sair da partida.","",""
"WOR-051","Word","The lobby","In-game","Dealing cards…","Distribuindo as cartas…","",""
"WOR-052","Word","The lobby","In-game","← Quit Game","← Sair da partida","",""
"WOR-053","Word","The lobby","In-game","← Leave Room","← Sair da sala","",""
"WOR-054","Word","The lobby","In-game","Need {count} more player to start.","Falta {count} jogador para começar.","",""
"WOR-055","Word","The lobby","In-game","Need {count} more players to start.","Faltam {count} jogadores para começar.","",""
"WOR-056","Word","The lobby","In-game","Add {count} more player to start.","Adicione mais {count} jogador para começar.","",""
"WOR-057","Word","The lobby","In-game","Add {count} more players to start.","Adicione mais {count} jogadores para começar.","",""
"WOR-058","Word","The lobby","In-game","Need {count} more player. Share the code!","Falta {count} jogador. Compartilhe o código!","",""
"WOR-059","Word","The lobby","In-game","Need {count} more players. Share the code!","Faltam {count} jogadores. Compartilhe o código!","",""
"WOR-060","Word","The lobby","In-game","Waiting for everyone to ready up…","Esperando todo mundo ficar pronto…","",""
"WOR-061","Word","The lobby","In-game","Waiting for host to start…","Esperando o anfitrião começar…","",""
"WOR-062","Word","The lobby","In-game","Everyone gets the phone in turn. Hit start!","O celular passa de um jogador para o outro. Bora começar!","",""
"WOR-063","Word","The lobby","In-game","Waiting for {count} more player to ready up…","Esperando mais {count} jogador ficar pronto…","",""
"WOR-064","Word","The lobby","In-game","Waiting for {count} more players to ready up…","Esperando mais {count} jogadores ficarem prontos…","",""
"WOR-065","Word","The lobby","In-game","Everyone is ready. Hit start!","Todo mundo pronto. Bora começar!","",""
"WOR-066","Word","The lobby","In-game","I'm Ready","Estou pronto","",""
"WOR-067","Word","The lobby","In-game","I'm Not Ready","Não estou pronto","",""
"WOR-068","Word","The lobby","In-game","✓ Ready","✓ Pronto","",""
"WOR-069","Word","The lobby","In-game","Waiting","Esperando","",""
"WOR-070","Word","The lobby","In-game","Host","Anfitrião","",""
"WOR-071","Word","The lobby","In-game","YOU","VOCÊ","",""
"WOR-072","Word","The lobby","In-game","Add player","Adicionar jogador","",""
"WOR-073","Word","The lobby","In-game","Impostor","Impostor","",""
"WOR-074","Word","The lobby","In-game","Impostors","Impostores","",""
"WOR-075","Word","Choosing a game mode","In-game","Pick a game mode","Escolha o modo de jogo","",""
"WOR-076","Word","Choosing a game mode","In-game","Everyone has a Phone","Cada um com seu celular","",""
"WOR-077","Word","Choosing a game mode","In-game","Everyone uses their own phone to play the game.","Cada jogador joga no próprio celular.","",""
"WOR-078","Word","Choosing a game mode","In-game","Pass the Phone","Passar o celular","",""
"WOR-079","Word","Choosing a game mode","In-game","Everyone uses one screen to play the game.","Todo mundo joga em uma tela só.","",""
"WOR-080","Word","Choosing a word category","In-game","Done","Pronto","",""
"WOR-081","Word","Choosing a word category","In-game","Pick word categories","Escolha as categorias","",""
"WOR-082","Word","Choosing a word category","In-game","Select","Escolher","",""
"WOR-083","Word","Choosing a word category","In-game","Cancel","Cancelar","",""
"WOR-084","Word","Choosing a word category","In-game","Categories","Categorias","",""
"WOR-085","Word","Choosing a word category","In-game","Food","Comida","",""
"WOR-086","Word","Choosing a word category","In-game","Dishes, snacks, fruits and drinks","Pratos, lanches, frutas e bebidas","",""
"WOR-087","Word","Choosing a word category","In-game","Animals","Animais","",""
"WOR-088","Word","Choosing a word category","In-game","Pets, wildlife, birds and sea creatures","Bichos de casa, do mato, do céu e do mar","",""
"WOR-089","Word","Choosing a word category","In-game","Places","Lugares","",""
"WOR-090","Word","Choosing a word category","In-game","Everywhere from the beach to a space station","Da praia a uma estação espacial","",""
"WOR-091","Word","Choosing a word category","In-game","Everyday Objects","Objetos do Dia a Dia","",""
"WOR-092","Word","Choosing a word category","In-game","Things lying around every home","Coisas que tem em qualquer casa","",""
"WOR-093","Word","Choosing a word category","In-game","Movies & TV","Cinema e TV","",""
"WOR-094","Word","Choosing a word category","In-game","Blockbusters, series and cartoon icons","Sucessos de bilheteria, séries e desenhos","",""
"WOR-095","Word","Choosing a word category","In-game","Football","Futebol","",""
"WOR-096","Word","Choosing a word category","In-game","Stars, clubs and moments from the pitch","Craques, clubes e momentos de campo","",""
"WOR-097","Word","Choosing a word category","In-game","Super Heroes","Super-Heróis","",""
"WOR-098","Word","Choosing a word category","In-game","Capes, masks and the villains chasing them","Capas, máscaras e os vilões atrás deles","",""
"WOR-099","Word","Playing the round","In-game","Reveal Impostor","Revelar impostor","",""
"WOR-100","Word","Playing the round","In-game","Swipe to check your card","Deslize para ver sua carta","",""
"WOR-101","Word","Playing the round","In-game","Game on","Bora jogar!","",""
"WOR-102","Word","Playing the round","In-game","Tap Reveal when the round is decided.","Toque em Revelar quando vocês decidirem.","",""
"WOR-103","Word","Playing the round","In-game","Take turns saying one clue word each.","Cada um diz uma palavra, na sua vez.","",""
"WOR-104","Word","Playing the round","In-game","Swipe to reveal","Deslize para ver sua carta","",""
"WOR-105","Word","Playing the round","In-game","Game is on","Bora jogar!","",""
"WOR-106","Word","Playing the round","In-game","Take turns saying one clue word each. Tap Reveal when the round is decided.","Cada um diz uma palavra, na sua vez. Toque em Revelar quando vocês decidirem.","",""
"WOR-107","Word","Playing the round","In-game","Close","Fechar","",""
"WOR-108","Word","Playing the round","In-game","You're the Impostor","Você é o impostor","",""
"WOR-109","Word","Playing the round","In-game","YOUR HINT","SUA PISTA","",""
"WOR-110","Word","Playing the round","In-game","THE SECRET WORD","A PALAVRA SECRETA","",""
"WOR-111","Word","Playing the round","In-game","Take turns saying one clue word each.","Cada um diz uma palavra, na sua vez.","",""
"WOR-112","Word","Playing the round","In-game","Blend in! Give a clue that fits without knowing the word.","Disfarce! Diga uma palavra que encaixe sem saber qual é.","",""
"WOR-113","Word","Playing the round","In-game","Take turns saying one clue word each — don't make it easy for the imposter.","Cada um diz uma palavra, na sua vez. Não facilite para o impostor.","",""
"WOR-114","Word","Playing the round","In-game","Starting in {n}","Começa em {n}","",""
"WOR-115","Word","Playing the round","In-game","Take turns saying one clue word each.","Cada um diz uma palavra, na sua vez.","",""
"WOR-116","Word","Playing the round","In-game","If you're the Impostor, use the hint to blend in.","Se você é o impostor, use a pista para disfarçar.","",""
"WOR-117","Word","Playing the round","In-game","Player {current} of {total}","Jogador {current} de {total}","",""
"WOR-118","Word","Playing the round","In-game","Start Playing","Começar a jogar","",""
"WOR-119","Word","Playing the round","In-game","Pass to {name}","Passe para {name}","",""
"WOR-120","Word","Playing the round","In-game","Pass to Next Player","Passe para o próximo","",""
"WOR-121","Word","End of the round","In-game","Round Over","Fim da rodada","",""
"WOR-122","Word","End of the round","In-game","The secret word was","A palavra secreta era","",""
"WOR-123","Word","End of the round","In-game","Play Again","Outra rodada","",""
"WOR-124","Word","End of the round","In-game","TheImpostorwas","OImpostorera","",""
"WOR-125","Word","End of the round","In-game","TheImpostorswere","OsImpostoreseram","",""
"WOR-126","Word","End of the round","In-game","{name} (YOU)","{name} (VOCÊ)","",""
"WOR-127","Word","End of the round","In-game","Quit Game","Sair da partida","",""
"WOR-128","Word","End of the round","In-game","Exit Room","Sair da sala","",""
"WOR-129","Word","Leaving a game","In-game","Cancel","Cancelar","",""
"WOR-130","Word","Leaving a game","In-game","Quit the game?","Sair da partida?","",""
"WOR-131","Word","Leaving a game","In-game","Leave the room?","Sair da sala?","",""
"WOR-132","Word","Leaving a game","In-game","This ends the round for everyone and closes the room.","A rodada acaba para todo mundo e a sala fecha.","",""
"WOR-133","Word","Leaving a game","In-game","You drop out of this round. The others carry on without you.","Você sai desta rodada. Os outros continuam sem você.","",""
"WOR-134","Word","Leaving a game","In-game","This ends the round and takes everyone back to the start.","A rodada acaba e todo mundo volta para o começo.","",""
"WOR-135","Word","Leaving a game","In-game","Quit game","Sair","",""
"WOR-136","Word","Leaving a game","In-game","Leave","Sair","",""
"WOR-137","Word","Errors and messages","In-game","Firebase not configured","Firebase não configurado","",""
"WOR-138","Word","Errors and messages","In-game","Firebase not configured — see README","Firebase não configurado. Veja o README.","",""
"WOR-139","Word","Errors and messages","In-game","Room not found","Sala não encontrada","",""
"WOR-140","Word","Errors and messages","In-game","Game already in progress","A partida já começou","",""
"WOR-141","Word","Errors and messages","In-game","Room is full","A sala está cheia","",""
"WOR-142","Word","Errors and messages","In-game","Room closed","Sala fechada","",""
"WOR-143","Word","Errors and messages","In-game","No room found with that code","Não achamos nenhuma sala com esse código","",""
"WOR-144","Word","Errors and messages","In-game","Could not check room: {detail}","Não deu para verificar a sala: {detail}","",""
"WOR-145","Word","Errors and messages","In-game","Could not join","Não deu para entrar","",""
"WOR-146","Word","Errors and messages","In-game","Could not create a room: {detail}","Não deu para criar a sala: {detail}","",""
"WOR-147","Word","Errors and messages","In-game","Failed to create room: {detail}","Não deu para criar a sala: {detail}","",""
"WOR-148","Word","Errors and messages","In-game","Could not start the round","Não deu para começar a rodada","",""
"WOR-149","Word","Errors and messages","In-game","Could not change category","Não deu para trocar de categoria","",""
"WOR-150","Word","Errors and messages","In-game","No word loaded","Nenhuma palavra carregada","",""
"WOR-151","Word","Errors and messages","In-game","Choose a nickname","Escolha um nome","",""
"WOR-152","Word","Errors and messages","In-game","Could not copy","Não deu para copiar","",""
"WOR-153","Word","Errors and messages","In-game","Room code copied","Código copiado","",""
"WOR-154","Word","Errors and messages","In-game","Finish passing the phone first","Primeiro terminem de passar o celular","",""
"WOR-155","Word","Errors and messages","In-game","Tap Quit Game to leave","Toque em Sair da partida para ir embora","",""
"WOR-156","Word","Rating and feedback","In-game","Enjoying the game? 🎉","Está curtindo? 🎉","",""
"WOR-157","Word","Rating and feedback","In-game","What should we make better?","O que dá para melhorar no jogo?","",""
"WOR-158","Word","Rating and feedback","In-game","Your feedback","Seu comentário","",""
"WOR-159","Word","Rating and feedback","In-game","Help us improve","Conte o que dá para melhorar","",""
"WOR-160","Word","Rating and feedback","In-game","Send","Enviar","",""
"WOR-161","Word","Rating and feedback","In-game","Enjoying the game?","Está curtindo?","",""
"WOR-162","Word","Rating and feedback","In-game","Not great","Fraco","",""
"WOR-163","Word","Rating and feedback","In-game","It's okay","Normal","",""
"WOR-164","Word","Rating and feedback","In-game","Good","Bom","",""
"WOR-165","Word","Rating and feedback","In-game","Love it","Amei","",""
"WOR-166","Word","Rating and feedback","In-game","Having a good time?","Está sendo divertido?","",""
"WOR-167","Word","Rating and feedback","In-game","Having a good time? 😀","Está sendo divertido? 😀","",""
"WOR-168","Word","Rating and feedback","In-game","Your support helps keep Impostor Games free and motivates me to keep making fun little party games for you and your friends.","Seu apoio ajuda a manter o Impostor Games grátis e me anima a continuar criando joguinhos divertidos para você e seus amigos.","",""
"WOR-169","Word","Rating and feedback","In-game","☕ Buy me a coffee","☕ Me pague um café","",""
"WOR-170","Word","Rating and feedback","In-game","Not now","Agora não","",""
"WOR-171","Word","Rating and feedback","In-game","Thanks! 🙏","Valeu! 🙏","",""
"WOR-172","Word","Screen reader labels","In-game","Player name","Nome do jogador","",""
"WOR-173","Word","Screen reader labels","In-game","Rename {name}","Mudar o nome de {name}","",""
"WOR-174","Word","Screen reader labels","In-game","Remove {name}","Tirar {name}","",""
"WOR-175","Word","Screen reader labels","In-game","{name}: swipe to reveal your card","{name}: deslize para ver sua carta","",""
"WOR-176","Word","Screen reader labels","In-game","Check your card","Veja sua carta","",""
"WOR-177","Word","Screen reader labels","In-game","Put your card away","Guarde sua carta","",""
"LWOR-001","Word","Page title and search description","Landing page","Imposter Word Game | Find the Impostor | Free Online Party Game","Jogo do Impostor das Palavras | Grátis e Online","",""
"LWOR-002","Word","Page title and search description","Landing page","The Impostor Word Game: a free online multiplayer party game. Everyone gets the same secret word — except the impostor, who only gets a vague hint. Take turns saying one clue word each, expose the impostor before they guess the word. Also known as the Imposter Word Game or Undercover. Play free in your browser with 3–20 friends.","O Jogo do Impostor das Palavras: um jogo de festa online e grátis. Todo mundo vê a mesma palavra secreta, menos o impostor, que recebe só uma pista vaga. Cada um diz uma palavra na sua vez. Descubram o impostor antes que ele adivinhe a palavra. Jogue grátis no navegador com 3 a 20 amigos.","",""
"LWOR-003","Word","Page title and search description","Landing page","Impostor Word Game","Impostor das Palavras","",""
"LWOR-004","Word","Page title and search description","Landing page","Everyone gets the same secret word — except the impostor, who only gets a hint. A free multiplayer party game — one clue word each, then catch the impostor. In your browser for 3–20 friends.","Todo mundo vê a mesma palavra secreta, menos o impostor, que recebe só uma pista. Um jogo de festa grátis: cada um diz uma palavra na sua vez e depois é caçar o impostor. No navegador, para 3 a 20 amigos.","",""
"LWOR-005","Word","Page title and search description","Landing page","Cartoon characters playing a secret word card game at a table — Impostor Word Game","Personagens de desenho jogando cartas em volta de uma mesa. Impostor das Palavras","",""
"LWOR-006","Word","Page title and search description","Landing page","Impostor Word Game","Impostor das Palavras","",""
"LWOR-007","Word","Page title and search description","Landing page","Everyone gets the same secret word — except the impostor, who only gets a hint. A free multiplayer party game — one clue word each, then catch the impostor. In your browser for 3–20 friends.","Todo mundo vê a mesma palavra secreta, menos o impostor, que recebe só uma pista. Um jogo de festa grátis: cada um diz uma palavra na sua vez e depois é caçar o impostor. No navegador, para 3 a 20 amigos.","",""
"LWOR-008","Word","How to play","Landing page","How to Play","Como jogar","",""
"LWOR-009","Word","How to play","Landing page","A party game of bluff and wordplay — also known as Undercover","Um jogo de palavras e dedução, também conhecido como Undercover","",""
"LWOR-010","Word","How to play","Landing page","Three players looking at their phones. Two have been dealt the same secret word, Frog. The third is the impostor and sees only a vague hint, Jumpy, with no idea what the real word is.","Três jogadores olhando o celular. Dois receberam a mesma palavra secreta, Sapo. O terceiro é o impostor e vê só uma pista vaga, Coaxa, sem saber qual é a palavra de verdade.","",""
"LWOR-011","Word","How to play","Landing page","Frog","Sapo","",""
"LWOR-012","Word","How to play","Landing page","Frog","Sapo","",""
"LWOR-013","Word","How to play","Landing page","Jumpy","Coaxa","",""
"LWOR-014","Word","How to play","Landing page","The Impostor Word Game (also called the Imposter Word Game or Undercover) is a party game where everyone secretly sees the same word — except one impostor, who only gets a vague hint. Players take turns saying one clue word each; the group tries to expose the impostor while the impostor bluffs and tries to guess the secret word. You can play it free online right here at impostorgames.com/word — no app, no sign-up, 3–20 players, works on any phone browser.","O Jogo do Impostor das Palavras (também chamado de Undercover) é um jogo de festa em que todo mundo vê em segredo a mesma palavra, menos um impostor, que recebe só uma pista vaga. Cada jogador diz uma palavra na sua vez; o grupo tenta descobrir o impostor enquanto o impostor disfarça e tenta adivinhar a palavra secreta. Dá para jogar de graça aqui mesmo, em impostorgames.com/pt/word: sem app, sem cadastro, de 3 a 20 jogadores e no navegador de qualquer celular.","",""
"LWOR-015","Word","How to play","Landing page","Get started","Para começar","",""
"LWOR-016","Word","How to play","Landing page","Everyone has a phone? Join the same room and tap “I’m Ready.”","Todo mundo tem celular? Entrem na mesma sala e toquem em “Estou pronto”.","",""
"LWOR-017","Word","How to play","Landing page","Only one phone? Enter everyone's names and pass it around.","Só tem um celular? Escrevam os nomes de todos e vão passando.","",""
"LWOR-018","Word","How to play","Landing page","Get your word","Veja sua palavra","",""
"LWOR-019","Word","How to play","Landing page","Most players get the same word. The Impostor only gets a hint.","Quase todo mundo recebe a mesma palavra. O impostor recebe só uma pista.","",""
"LWOR-020","Word","How to play","Landing page","Give clues","Deem as pistas","",""
"LWOR-021","Word","How to play","Landing page","Take turns saying one clue word each. If you're the Impostor, use the hint to blend in.","Cada um diz uma palavra na sua vez. Se você é o impostor, use a pista para disfarçar.","",""
"LWOR-022","Word","How to play","Landing page","Find the Impostor","Descubram o impostor","",""
"LWOR-023","Word","How to play","Landing page","Discuss your clues and agree on your suspect. The host taps Reveal to see if you're right.","Conversem sobre as pistas e decidam de quem vocês desconfiam. O anfitrião toca em Revelar para ver se acertaram.","",""
"LWOR-024","Word","Links to the other games","Landing page","More games","Mais jogos","",""
"LWOR-025","Word","Links to the other games","Landing page","Play the Impostor Dance Game","Jogue o Impostor da Dança","",""
"LWOR-026","Word","Links to the other games","Landing page","Dance Game","Impostor da Dança","",""
"LWOR-027","Word","Links to the other games","Landing page","Play","Jogar","",""
"LWOR-028","Word","Links to the other games","Landing page","Play Impostor Artist","Jogue o Impostor do Desenho","",""
"LWOR-029","Word","Links to the other games","Landing page","Impostor Artist","Impostor do Desenho","",""
"LWOR-030","Word","Links to the other games","Landing page","Play","Jogar","",""
"LWOR-031","Word","Feedback call to action","Landing page","Got feedback?","Tem alguma sugestão?","",""
"LWOR-032","Word","More games call to action","Landing page","More games","Impostor Games","",""
"LWOR-033","Word","Frequently asked questions","Landing page","FAQ","Perguntas frequentes","",""
"LWOR-034","Word","Frequently asked questions","Landing page","What is the Impostor Word Game?","O que é o Jogo do Impostor das Palavras?","",""
"LWOR-035","Word","Frequently asked questions","Landing page","It's a free online party game for 3–20 players, also known as Undercover or the Imposter Word Game. Everyone secretly sees the same word on their phone — except one impostor, who only sees a vague hint. Players take turns saying one clue word each; the group tries to expose the impostor, and the impostor tries to blend in and guess the secret word.","É um jogo de festa online e grátis para 3 a 20 jogadores, também conhecido como Undercover. Todo mundo vê em segredo a mesma palavra no celular, menos um impostor, que vê só uma pista vaga. Cada um diz uma palavra na sua vez; o grupo tenta descobrir o impostor, e o impostor tenta disfarçar e adivinhar a palavra secreta.","",""
"LWOR-036","Word","Frequently asked questions","Landing page","How do you catch the impostor?","Como descobrir quem é o impostor?","",""
"LWOR-037","Word","Frequently asked questions","Landing page","Listen to everyone's clue words. Players who know the secret word give clues that clearly relate to it — the impostor has to bluff from just a hint, so their clues tend to be vague or slightly off. Discuss, accuse, and when the group has decided, the host taps Reveal.","Preste atenção nas palavras dos outros. Quem conhece a palavra secreta dá pistas que combinam com ela; o impostor tem que inventar em cima de quase nada, então o que ele fala costuma sair vago ou meio fora de lugar. Conversem sobre as pistas, acusem, e quando o grupo decidir o anfitrião toca em Revelar.","",""
"LWOR-038","Word","Frequently asked questions","Landing page","Is there an Imposter Word Game app?","Tem app do Jogo do Impostor das Palavras?","",""
"LWOR-039","Word","Frequently asked questions","Landing page","No download needed — the Impostor Word Game runs right in your phone's browser. Just open the page and share a room code. It works on iPhone and Android instantly, with no app to install.","Não precisa baixar nada. O Jogo do Impostor das Palavras roda no navegador do celular: você abre a página e compartilha o código da sala. Funciona na hora no iPhone e no Android, sem instalar nenhum app.","",""
"LWOR-040","Word","Frequently asked questions","Landing page","Is it free to play?","É grátis?","",""
"LWOR-041","Word","Frequently asked questions","Landing page","Yes, completely free. There's no sign-up, no app to install, and no payment. Just open the page in any phone browser and share a room code with your friends.","Sim, totalmente grátis. Sem cadastro, sem app e sem pagar nada. Abra a página no navegador de qualquer celular e mande o código da sala para a galera.","",""
"LWOR-042","Word","Frequently asked questions","Landing page","How many players do I need?","Quantos jogadores precisa?","",""
"LWOR-043","Word","Frequently asked questions","Landing page","At least 3 players, up to 20. One person creates the room and becomes the host; everyone else joins with the 4-character room code or by scanning the QR code.","De 3 a 20 jogadores. Uma pessoa cria a sala e vira o anfitrião; o resto entra com o código de 4 caracteres ou lendo o QR code.","",""
"LWOR-044","Word","Frequently asked questions","Landing page","What word categories are there?","Quais categorias de palavras existem?","",""
"LWOR-045","Word","Frequently asked questions","Landing page","Seven categories: Food, Animals, Places, Everyday Objects, Movies & TV, Football and Super Heroes, each with dozens of words. The host picks a category before every round, and each word comes with two vague hints, one of which the impostor is shown at random.","Sete: Comida, Animais, Lugares, Objetos do Dia a Dia, Cinema e TV, Futebol e Super-Heróis, cada uma com dezenas de palavras. O anfitrião escolhe a categoria antes de cada rodada, e cada palavra vem com duas pistas vagas: o impostor recebe uma das duas por sorteio.","",""
"LWOR-046","Word","Frequently asked questions","Landing page","Can the impostor win?","O impostor pode ganhar?","",""
"LWOR-047","Word","Frequently asked questions","Landing page","Yes — two ways. Stay undetected until the end of the round, or work out the secret word from everyone's clues and say it out loud before being exposed.","Pode, de duas formas: aguentar até o fim da rodada sem ser pego, ou deduzir a palavra secreta pelas pistas dos outros e falar ela em voz alta antes de ser descoberto.","",""
"LWOR-048","Word","Frequently asked questions","Landing page","Can I play on one device?","Dá para jogar com um celular só?","",""
"LWOR-049","Word","Frequently asked questions","Landing page","Yes. Pick Pass the Phone in the lobby and one phone goes round the group: each player swipes their card over, sees their word or their impostor hint in private, and hands the phone on. Type everyone's names in once and the list is remembered for next time. The default mode, Everyone has a Phone, still gives each player their own screen. Either way the clue-giving and accusing happen out loud in the same room.","Dá. Escolha Passar o celular na sala e um celular só vai passando pelo grupo: cada jogador desliza a carta dele, vê sua palavra ou sua pista em segredo e passa adiante. Os nomes você digita uma vez e ficam salvos para a próxima. O modo padrão, Cada um com seu celular, dá uma tela para cada jogador. Nos dois casos as pistas e as acusações acontecem em voz alta, na mesma sala.","",""
"LWOR-050","Word","Frequently asked questions","Portuguese only","","Esse jogo é tipo Among Us?","",""
"LWOR-051","Word","Frequently asked questions","Portuguese only","","A ideia é parecida, mas aqui ninguém fica correndo pela nave. É a mesma graça de descobrir quem está mentindo, só que na mesa, em poucos minutos e sem instalar nada. O grupo conversa cara a cara e o celular serve só para entregar as cartas em segredo.","",""
"DRA-001","Draw","Home screen","In-game","← All games","← Impostor Games","",""
"DRA-002","Draw","Home screen","In-game","Impostor
Artist","Impostor
do Desenho","",""
"DRA-003","Draw","Home screen","In-game","Impostor Artist logo, a cute character drawing on a phone","Logo do Impostor do Desenho, um personagem fofo desenhando no celular","",""
"DRA-004","Draw","Home screen","In-game","Create or Join the game","Crie uma sala ou entre em uma partida","",""
"DRA-005","Draw","Home screen","In-game","Create","Criar","",""
"DRA-006","Draw","Home screen","In-game","Create and be the host","Crie a sala e seja o anfitrião","",""
"DRA-007","Draw","Home screen","In-game","Join","Entrar","",""
"DRA-008","Draw","Home screen","In-game","Join an existing game","Entre em uma partida que já existe","",""
"DRA-009","Draw","Home screen","In-game","Back to all games","Voltar para Impostor Games","",""
"DRA-010","Draw","Home screen","In-game","Create a game","Criar uma sala","",""
"DRA-011","Draw","Home screen","In-game","Join a game","Entrar em uma partida","",""
"DRA-012","Draw","Home screen","In-game","Jump to How to Play","Ir para Como jogar","",""
"DRA-013","Draw","Home screen","In-game","How to play","Como jogar","",""
"DRA-014","Draw","Creating or joining a room","In-game","← Back","← Voltar","",""
"DRA-015","Draw","Creating or joining a room","In-game","Room Code","Código da sala","",""
"DRA-016","Draw","Creating or joining a room","In-game","Enter room code to join game","Digite o código para entrar na sala","",""
"DRA-017","Draw","Creating or joining a room","In-game","Name","Nome","",""
"DRA-018","Draw","Creating or joining a room","In-game","Enter room","Entrar na sala","",""
"DRA-019","Draw","Creating or joining a room","In-game","Create Room","Criar sala","",""
"DRA-020","Draw","Creating or joining a room","In-game","← Leave","← Sair","",""
"DRA-021","Draw","Creating or joining a room","In-game","Room Created! 🎉","Sala criada! 🎉","",""
"DRA-022","Draw","Creating or joining a room","In-game","Players can scan or enter the code to join.","Os outros podem escanear o QR ou digitar o código para entrar.","",""
"DRA-023","Draw","Creating or joining a room","In-game","Scan code","Escaneie o código","",""
"DRA-024","Draw","Creating or joining a room","In-game","or enter code","ou digite o código","",""
"DRA-025","Draw","Creating or joining a room","In-game","Copy code","Copiar código","",""
"DRA-026","Draw","Creating or joining a room","In-game","or","ou","",""
"DRA-027","Draw","Creating or joining a room","In-game","Choose Pass the Phone mode to play on one phone.","Escolha o modo Passar o celular para jogar com um celular só.","",""
"DRA-028","Draw","Creating or joining a room","In-game","Go to Lobby","Ir para a sala","",""
"DRA-029","Draw","Creating or joining a room","In-game","Scan to join this room","Escaneie para entrar na sala","",""
"DRA-030","Draw","Creating or joining a room","In-game","Enter Nick Name","Digite seu nome","",""
"DRA-031","Draw","Creating or joining a room","In-game","Copy room code","Copiar o código da sala","",""
"DRA-032","Draw","Creating or joining a room","In-game","Room QR code","Código QR da sala","",""
"DRA-033","Draw","Creating or joining a room","In-game","That code is a room in {game}. Taking you there…","Esse código é de uma sala do {game}. Levando você para lá…","",""
"DRA-034","Draw","The lobby","In-game","← Leave Room","← Sair da sala","",""
"DRA-035","Draw","The lobby","In-game","How to play","Como jogar","",""
"DRA-036","Draw","The lobby","In-game","Lobby","Sala","",""
"DRA-037","Draw","The lobby","In-game","Everyone has a Phone","Cada um com seu celular","",""
"DRA-038","Draw","The lobby","In-game","Category","Categoria","",""
"DRA-039","Draw","The lobby","In-game","Food","Comida","",""
"DRA-040","Draw","The lobby","In-game","Rounds","Rodadas","",""
"DRA-041","Draw","The lobby","In-game","2 Rounds","2 Rodadas","",""
"DRA-042","Draw","The lobby","In-game","Impostors","Impostores","",""
"DRA-043","Draw","The lobby","In-game","1 Impostor","1 Impostor","",""
"DRA-044","Draw","The lobby","In-game","Players","Jogadores","",""
"DRA-045","Draw","The lobby","In-game","0 / 0 ready","0 / 0 prontos","",""
"DRA-046","Draw","The lobby","In-game","0 players","0 jogadores","",""
"DRA-047","Draw","The lobby","In-game","I'm Ready","Estou pronto","",""
"DRA-048","Draw","The lobby","In-game","Start Game","Começar","",""
"DRA-049","Draw","The lobby","In-game","Waiting for all players to ready up…","Esperando todo mundo ficar pronto…","",""
"DRA-050","Draw","The lobby","In-game","Show QR code","Ver o código QR","",""
"DRA-051","Draw","The lobby","In-game","Fewer rounds","Menos rodadas","",""
"DRA-052","Draw","The lobby","In-game","More rounds","Mais rodadas","",""
"DRA-053","Draw","The lobby","In-game","Game Mode","Modo de jogo","",""
"DRA-054","Draw","The lobby","In-game","Player {n}","Jogador {n}","",""
"DRA-055","Draw","The lobby","In-game","Player","Jogador","",""
"DRA-056","Draw","The lobby","In-game","Host","Anfitrião","",""
"DRA-057","Draw","The lobby","In-game","Someone","Alguém","",""
"DRA-058","Draw","The lobby","In-game","{name} (YOU)","{name} (VOCÊ)","",""
"DRA-059","Draw","The lobby","In-game","{name} (You)","{name} (Você)","",""
"DRA-060","Draw","The lobby","In-game","{name} (you)","{name} (você)","",""
"DRA-061","Draw","The lobby","In-game","{name} (left the room)","{name} (saiu da sala)","",""
"DRA-062","Draw","The lobby","In-game","Keep your screen on to stay in the game.","Deixe a tela ligada para não sair da partida.","",""
"DRA-063","Draw","The lobby","In-game","Dealing…","Distribuindo…","",""
"DRA-064","Draw","The lobby","In-game","← Quit Game","← Sair da partida","",""
"DRA-065","Draw","The lobby","In-game","← Leave Room","← Sair da sala","",""
"DRA-066","Draw","The lobby","In-game","← Leave","← Sair","",""
"DRA-067","Draw","The lobby","In-game","Need {count} more player to start.","Falta {count} jogador para começar.","",""
"DRA-068","Draw","The lobby","In-game","Need {count} more players to start.","Faltam {count} jogadores para começar.","",""
"DRA-069","Draw","The lobby","In-game","Add {count} more player to start.","Adicione mais {count} jogador para começar.","",""
"DRA-070","Draw","The lobby","In-game","Add {count} more players to start.","Adicione mais {count} jogadores para começar.","",""
"DRA-071","Draw","The lobby","In-game","Need {count} more player. Share the code!","Falta {count} jogador. Compartilhe o código!","",""
"DRA-072","Draw","The lobby","In-game","Need {count} more players. Share the code!","Faltam {count} jogadores. Compartilhe o código!","",""
"DRA-073","Draw","The lobby","In-game","Waiting for everyone to ready up…","Esperando todo mundo ficar pronto…","",""
"DRA-074","Draw","The lobby","In-game","Waiting for host to start…","Esperando o anfitrião começar…","",""
"DRA-075","Draw","The lobby","In-game","Everyone gets the phone in turn. Hit start!","O celular passa de um jogador para o outro. Bora começar!","",""
"DRA-076","Draw","The lobby","In-game","Waiting for {count} more player to ready up…","Esperando mais {count} jogador ficar pronto…","",""
"DRA-077","Draw","The lobby","In-game","Waiting for {count} more players to ready up…","Esperando mais {count} jogadores ficarem prontos…","",""
"DRA-078","Draw","The lobby","In-game","Everyone is ready. Hit start!","Todo mundo pronto. Bora começar!","",""
"DRA-079","Draw","The lobby","In-game","I'm Ready","Estou pronto","",""
"DRA-080","Draw","The lobby","In-game","I'm Not Ready","Não estou pronto","",""
"DRA-081","Draw","The lobby","In-game","✓ Ready","✓ Pronto","",""
"DRA-082","Draw","The lobby","In-game","Waiting","Esperando","",""
"DRA-083","Draw","The lobby","In-game","Host","Anfitrião","",""
"DRA-084","Draw","The lobby","In-game","YOU","VOCÊ","",""
"DRA-085","Draw","The lobby","In-game","Add player","Adicionar jogador","",""
"DRA-086","Draw","The lobby","In-game","Round","Rodada","",""
"DRA-087","Draw","The lobby","In-game","Rounds","Rodadas","",""
"DRA-088","Draw","Choosing a game mode","In-game","Pick a game mode","Escolha o modo de jogo","",""
"DRA-089","Draw","Choosing a game mode","In-game","Everyone has a Phone","Cada um com seu celular","",""
"DRA-090","Draw","Choosing a game mode","In-game","Everyone uses their own phone to play the game.","Cada jogador joga no próprio celular.","",""
"DRA-091","Draw","Choosing a game mode","In-game","Pass the Phone","Passar o celular","",""
"DRA-092","Draw","Choosing a game mode","In-game","Everyone uses one screen to play the game.","Todo mundo joga em uma tela só.","",""
"DRA-093","Draw","Choosing a word category","In-game","Select","Escolher","",""
"DRA-094","Draw","Choosing a word category","In-game","Done","Pronto","",""
"DRA-095","Draw","Choosing a word category","In-game","Pick word categories","Escolha as categorias","",""
"DRA-096","Draw","Choosing a word category","In-game","Categories","Categorias","",""
"DRA-097","Draw","Choosing a word category","In-game","Food","Comida","",""
"DRA-098","Draw","Choosing a word category","In-game","Dishes, snacks, fruits and drinks","Pratos, lanches, frutas e bebidas","",""
"DRA-099","Draw","Choosing a word category","In-game","Animals","Animais","",""
"DRA-100","Draw","Choosing a word category","In-game","Pets, wildlife, birds and sea creatures","Bichos de casa, do mato, do céu e do mar","",""
"DRA-101","Draw","Choosing a word category","In-game","Places","Lugares","",""
"DRA-102","Draw","Choosing a word category","In-game","Everywhere from the beach to a space station","Da praia a uma estação espacial","",""
"DRA-103","Draw","Choosing a word category","In-game","Everyday Objects","Objetos do Dia a Dia","",""
"DRA-104","Draw","Choosing a word category","In-game","Things lying around every home","Coisas que tem em qualquer casa","",""
"DRA-105","Draw","Choosing a word category","In-game","Movies & TV","Cinema e TV","",""
"DRA-106","Draw","Choosing a word category","In-game","Blockbusters, series and cartoon icons","Sucessos de bilheteria, séries e desenhos","",""
"DRA-107","Draw","Choosing a word category","In-game","Football","Futebol","",""
"DRA-108","Draw","Choosing a word category","In-game","Stars, clubs and moments from the pitch","Craques, clubes e momentos de campo","",""
"DRA-109","Draw","Choosing a word category","In-game","Super Heroes","Super-Heróis","",""
"DRA-110","Draw","Choosing a word category","In-game","Capes, masks and the villains chasing them","Capas, máscaras e os vilões atrás deles","",""
"DRA-111","Draw","Choosing a word category","In-game","Select","Escolher","",""
"DRA-112","Draw","Choosing a word category","In-game","Cancel","Cancelar","",""
"DRA-113","Draw","Playing the round","In-game","THE WORD TO DRAW","A PALAVRA PARA DESENHAR","",""
"DRA-114","Draw","Playing the round","In-game","Getting everyone ready…","Preparando todo mundo…","",""
"DRA-115","Draw","Playing the round","In-game","Getting ready…","Preparando…","",""
"DRA-116","Draw","Playing the round","In-game","Done","Pronto","",""
"DRA-117","Draw","Playing the round","In-game","Take turns adding to the drawing.","Cada um desenha um pedaço, na sua vez.","",""
"DRA-118","Draw","Playing the round","In-game","Swipe to reveal","Deslize para ver sua carta","",""
"DRA-119","Draw","Playing the round","In-game","Pass to Next Player","Passe para o próximo","",""
"DRA-120","Draw","Playing the round","In-game","Find the Impostor","Descubram o impostor","",""
"DRA-121","Draw","Playing the round","In-game","who was faking it?","quem estava fingindo?","",""
"DRA-122","Draw","Playing the round","In-game","Reveal Impostor","Revelar impostor","",""
"DRA-123","Draw","Playing the round","In-game","Talk it out. Tap Reveal when the group has decided.","Conversem. Toque em Revelar quando o grupo decidir.","",""
"DRA-124","Draw","Playing the round","In-game","Time to find the Impostor.","Hora de descobrir o impostor.","",""
"DRA-125","Draw","Playing the round","In-game","Mute turn sound","Desligar o som do turno","",""
"DRA-126","Draw","Playing the round","In-game","Shared drawing canvas","Quadro de desenho compartilhado","",""
"DRA-127","Draw","Playing the round","In-game","Undo my last stroke","Desfazer meu último traço","",""
"DRA-128","Draw","Playing the round","In-game","Turn order","Ordem dos turnos","",""
"DRA-129","Draw","Playing the round","In-game","The finished drawing","O desenho pronto","",""
"DRA-130","Draw","Playing the round","In-game","Close","Fechar","",""
"DRA-131","Draw","Playing the round","In-game","You're the Impostor","Você é o impostor","",""
"DRA-132","Draw","Playing the round","In-game","YOUR HINT","SUA PISTA","",""
"DRA-133","Draw","Playing the round","In-game","THE WORD TO DRAW","A PALAVRA PARA DESENHAR","",""
"DRA-134","Draw","Playing the round","In-game","Getting everyone ready…","Preparando todo mundo…","",""
"DRA-135","Draw","Playing the round","In-game","Drawing starts in","O desenho começa em","",""
"DRA-136","Draw","Playing the round","In-game","Player {current} of {total}","Jogador {current} de {total}","",""
"DRA-137","Draw","Playing the round","In-game","Start Drawing","Começar a desenhar","",""
"DRA-138","Draw","Playing the round","In-game","Pass to {name}","Passe para {name}","",""
"DRA-139","Draw","Playing the round","In-game","Pass to Next Player","Passe para o próximo","",""
"DRA-140","Draw","Playing the round","In-game","{name}’s turn","Vez de {name}","",""
"DRA-141","Draw","Playing the round","In-game","Your turn","Sua vez","",""
"DRA-142","Draw","Playing the round","In-game","Passing…","Passando…","",""
"DRA-143","Draw","Playing the round","In-game","Getting ready…","Preparando…","",""
"DRA-144","Draw","Playing the round","In-game","Round {n} / {total}","Rodada {n} / {total}","",""
"DRA-145","Draw","Playing the round","In-game","Add the last part to the drawing, then tap Done to find the impostor.","Faça a sua parte do desenho e toque em Pronto para caçar o impostor.","",""
"DRA-146","Draw","Playing the round","In-game","Add your part to the drawing, then tap Done and pass the phone to the next player.","Faça a sua parte do desenho, toque em Pronto e passe o celular para o próximo.","",""
"DRA-147","Draw","Playing the round","In-game","Done","Pronto","",""
"DRA-148","Draw","Playing the round","In-game","Done → Pass to {name}","Pronto → Passe para {name}","",""
"DRA-149","Draw","Playing the round","In-game","You're the impostor. Your hint is “{hint}”. Watch the others draw and fake it.","Você é o impostor. Sua pista é “{hint}”. Olhe o que os outros desenham e disfarce.","",""
"DRA-150","Draw","Playing the round","In-game","The word is “{word}”. Try not to give too much away while drawing.","A palavra é “{word}”. Desenhe sem entregar demais.","",""
"DRA-151","Draw","Discussion and voting","In-game","Who was the impostor?","Quem era o impostor?","",""
"DRA-152","Draw","Discussion and voting","In-game","Tap a name. You can change your mind until the reveal.","Toque em um nome. Dá para mudar de ideia até a revelação.","",""
"DRA-153","Draw","Discussion and voting","In-game","Vote for the Impostor.","Vote no impostor.","",""
"DRA-154","Draw","Discussion and voting","In-game","And the Impostor is…","E o impostor é…","",""
"DRA-155","Draw","Discussion and voting","In-game","Voted","Votou","",""
"DRA-156","Draw","Discussion and voting","In-game","You can change your mind until reveal.","Dá para mudar de ideia até a revelação.","",""
"DRA-157","Draw","Discussion and voting","In-game","Tap a name. Nobody sees your pick until the reveal.","Toque em um nome. Ninguém vê seu voto até a revelação.","",""
"DRA-158","Draw","Discussion and voting","In-game","{cast} of {total} voted. Reveal early if someone has dropped off.","{cast} de {total} já votaram. Revele antes se alguém tiver caído.","",""
"DRA-159","Draw","Discussion and voting","In-game","{cast} of {total} voted.","{cast} de {total} já votaram.","",""
"DRA-160","Draw","Discussion and voting","In-game","Did not vote","Não votou","",""
"DRA-161","Draw","Discussion and voting","In-game","No votes were cast.","Ninguém votou.","",""
"DRA-162","Draw","Discussion and voting","In-game","1 vote","1 voto","",""
"DRA-163","Draw","Discussion and voting","In-game","{count} votes","{count} votos","",""
"DRA-164","Draw","End of the round","In-game","Round Over","Fim da rodada","",""
"DRA-165","Draw","End of the round","In-game","TheImpostorwas","OImpostorera","",""
"DRA-166","Draw","End of the round","In-game","The word was","A palavra era","",""
"DRA-167","Draw","End of the round","In-game","Votes","Votos","",""
"DRA-168","Draw","End of the round","In-game","Who voted whom","Quem votou em quem","",""
"DRA-169","Draw","End of the round","In-game","The drawing","O desenho","",""
"DRA-170","Draw","End of the round","In-game","Who drew what","Quem desenhou o quê","",""
"DRA-171","Draw","End of the round","In-game","Play Again","Outra rodada","",""
"DRA-172","Draw","End of the round","In-game","Exit Room","Sair da sala","",""
"DRA-173","Draw","End of the round","In-game","Round Over","Fim da rodada","",""
"DRA-174","Draw","End of the round","In-game","Caught!","Pegamos!","",""
"DRA-175","Draw","End of the round","In-game","They got away","Escapou","",""
"DRA-176","Draw","End of the round","In-game","The room voted out the impostor.","A sala votou no impostor certo.","",""
"DRA-177","Draw","End of the round","In-game","Nobody voted, so the impostor walks.","Ninguém votou, então o impostor escapou.","",""
"DRA-178","Draw","End of the round","In-game","The vote was split, so the impostor walks.","O voto empatou, então o impostor escapou.","",""
"DRA-179","Draw","End of the round","In-game","The room voted out the wrong player.","A sala votou na pessoa errada.","",""
"DRA-180","Draw","End of the round","In-game","Quit Game","Sair da partida","",""
"DRA-181","Draw","End of the round","In-game","Exit Room","Sair da sala","",""
"DRA-182","Draw","Leaving a game","In-game","Cancel","Cancelar","",""
"DRA-183","Draw","Leaving a game","In-game","Quit the game?","Sair da partida?","",""
"DRA-184","Draw","Leaving a game","In-game","Leave the game?","Sair da sala?","",""
"DRA-185","Draw","Leaving a game","In-game","You are the host, so this closes the room and ends the game for everyone.","Você é o anfitrião, então a sala fecha e a partida acaba para todo mundo.","",""
"DRA-186","Draw","Leaving a game","In-game","You will drop out of the round and your turns will be skipped.","Você sai da rodada e suas vezes de desenhar são puladas.","",""
"DRA-187","Draw","Leaving a game","In-game","Quit","Sair","",""
"DRA-188","Draw","Leaving a game","In-game","Leave","Sair","",""
"DRA-189","Draw","Errors and messages","In-game","Firebase not configured","Firebase não configurado","",""
"DRA-190","Draw","Errors and messages","In-game","Firebase not configured — see README","Firebase não configurado. Veja o README.","",""
"DRA-191","Draw","Errors and messages","In-game","Room closed","Sala fechada","",""
"DRA-192","Draw","Errors and messages","In-game","No room found with that code","Não achamos nenhuma sala com esse código","",""
"DRA-193","Draw","Errors and messages","In-game","Game already in progress","A partida já começou","",""
"DRA-194","Draw","Errors and messages","In-game","Room is full","A sala está cheia","",""
"DRA-195","Draw","Errors and messages","In-game","Could not check room: {detail}","Não deu para verificar a sala: {detail}","",""
"DRA-196","Draw","Errors and messages","In-game","Choose a nickname","Escolha um nome","",""
"DRA-197","Draw","Errors and messages","In-game","Could not join","Não deu para entrar","",""
"DRA-198","Draw","Errors and messages","In-game","Could not create a room: {detail}","Não deu para criar a sala: {detail}","",""
"DRA-199","Draw","Errors and messages","In-game","Failed to create room: {detail}","Não deu para criar a sala: {detail}","",""
"DRA-200","Draw","Errors and messages","In-game","Could not start the round","Não deu para começar a rodada","",""
"DRA-201","Draw","Errors and messages","In-game","Could not change category","Não deu para trocar de categoria","",""
"DRA-202","Draw","Errors and messages","In-game","Could not save your vote","Não deu para salvar seu voto","",""
"DRA-203","Draw","Errors and messages","In-game","Could not copy","Não deu para copiar","",""
"DRA-204","Draw","Errors and messages","In-game","Room code copied","Código copiado","",""
"DRA-205","Draw","Errors and messages","In-game","Finish passing the phone first","Primeiro terminem de passar o celular","",""
"DRA-206","Draw","Errors and messages","In-game","Tap Quit Game to leave","Toque em Sair da partida para ir embora","",""
"DRA-207","Draw","Rating and feedback","In-game","Enjoying the game? 🎉","Está curtindo? 🎉","",""
"DRA-208","Draw","Rating and feedback","In-game","What should we make better?","O que dá para melhorar no jogo?","",""
"DRA-209","Draw","Rating and feedback","In-game","Your feedback","Seu comentário","",""
"DRA-210","Draw","Rating and feedback","In-game","Help us improve","Conte o que dá para melhorar","",""
"DRA-211","Draw","Rating and feedback","In-game","Send","Enviar","",""
"DRA-212","Draw","Rating and feedback","In-game","Enjoying the game?","Está curtindo?","",""
"DRA-213","Draw","Rating and feedback","In-game","Not great","Fraco","",""
"DRA-214","Draw","Rating and feedback","In-game","It's okay","Normal","",""
"DRA-215","Draw","Rating and feedback","In-game","Good","Bom","",""
"DRA-216","Draw","Rating and feedback","In-game","Love it","Amei","",""
"DRA-217","Draw","Rating and feedback","In-game","Having a good time?","Está sendo divertido?","",""
"DRA-218","Draw","Rating and feedback","In-game","Having a good time? 😀","Está sendo divertido? 😀","",""
"DRA-219","Draw","Rating and feedback","In-game","Your support helps keep Impostor Games free and motivates me to keep making fun little party games for you and your friends.","Seu apoio ajuda a manter o Impostor Games grátis e me anima a continuar criando joguinhos divertidos para você e seus amigos.","",""
"DRA-220","Draw","Rating and feedback","In-game","☕ Buy me a coffee","☕ Me pague um café","",""
"DRA-221","Draw","Rating and feedback","In-game","Not now","Agora não","",""
"DRA-222","Draw","Rating and feedback","In-game","Thanks! 🙏","Valeu! 🙏","",""
"DRA-223","Draw","Screen reader labels","In-game","Player name","Nome do jogador","",""
"DRA-224","Draw","Screen reader labels","In-game","Rename {name}","Mudar o nome de {name}","",""
"DRA-225","Draw","Screen reader labels","In-game","Remove {name}","Tirar {name}","",""
"DRA-226","Draw","Screen reader labels","In-game","{name}: swipe to reveal your card","{name}: deslize para ver sua carta","",""
"DRA-227","Draw","Screen reader labels","In-game","Mute turn sound","Desligar o som do turno","",""
"DRA-228","Draw","Screen reader labels","In-game","Unmute turn sound","Ligar o som do turno","",""
"DRA-229","Draw","Screen reader labels","In-game","{count} drawing round","{count} rodada de desenho","",""
"DRA-230","Draw","Screen reader labels","In-game","{count} drawing rounds","{count} rodadas de desenho","",""
"LDRA-001","Draw","Page title and search description","Landing page","Imposter Artist | Online Drawing Party Game | Play Free","Jogo do Impostor do Desenho | Grátis e Online","",""
"LDRA-002","Draw","Page title and search description","Landing page","Imposter Artist drawing game: everyone draws the same word on a shared canvas, except the impostor. Draw, guess, vote! Free online party game for 3–20 players.","O Jogo do Impostor do Desenho: um jogo de festa online e grátis. Todo mundo desenha a mesma palavra secreta no mesmo quadro, menos o impostor, que recebe só uma pista vaga. Desenhem por turnos e votem para pegar o impostor. Jogue grátis no navegador com 3 a 20 amigos.","",""
"LDRA-003","Draw","Page title and search description","Landing page","Impostor Artist","Impostor do Desenho","",""
"LDRA-004","Draw","Page title and search description","Landing page","Everyone draws the same secret word — except one impostor, who only gets a hint. A free online drawing party game you can play from anywhere: one shared canvas and a vote to catch the faker.","Todo mundo desenha a mesma palavra secreta, menos o impostor, que recebe só uma pista. Um jogo de festa grátis: um quadro compartilhado, turnos de desenho e uma votação para pegar o impostor. No navegador, para 3 a 20 amigos.","",""
"LDRA-005","Draw","Page title and search description","Landing page","Impostor Artist, an online drawing party game","Quatro personagens de desenho em volta de um cavalete: um faz um traço e os outros olham desconfiados. Impostor do Desenho","",""
"LDRA-006","Draw","Page title and search description","Landing page","Impostor Artist","Impostor do Desenho","",""
"LDRA-007","Draw","Page title and search description","Landing page","Everyone draws the same secret word — except one impostor, who only gets a hint. One shared canvas, one secret word, and a vote to catch the faker.","Todo mundo desenha a mesma palavra secreta, menos o impostor, que recebe só uma pista. Um quadro compartilhado, turnos de desenho e uma votação para pegar o impostor. No navegador, para 3 a 20 amigos.","",""
"LDRA-008","Draw","How to play","Landing page","How to Play","Como jogar","",""
"LDRA-009","Draw","How to play","Landing page","One canvas, one faker, and no one is safe","Um quadro, um impostor e ninguém a salvo","",""
"LDRA-010","Draw","How to play","Landing page","Four players adding to one shared drawing of a frog. Three know the secret word and each draw a real part of it, the head, the face and a leg. The fourth is the impostor, who was given only a vague hint, and adds a meaningless squiggle hoping nobody notices.","Quatro jogadores desenhando o mesmo sapo em um quadro compartilhado. Três sabem a palavra secreta e cada um desenha uma parte de verdade: a cabeça, o rosto e uma perna. O quarto é o impostor: tem só uma pista vaga e faz um rabisco sem sentido, torcendo para ninguém notar.","",""
"LDRA-011","Draw","How to play","Landing page","Impostor Artist (also called Fake Artist) is a drawing party game you can play from anywhere. Everyone gets the same secret word to draw except one impostor, who only sees a vague hint. Players take turns adding to one shared canvas, watching the picture build, then everyone votes on who the faker is. Play free at impostorgames.com/draw with 3 to 20 friends, no app and no sign-up.","O Jogo do Impostor do Desenho (também chamado de Fake Artist) é um jogo de festa que dá para jogar de qualquer lugar. Todo mundo recebe a mesma palavra para desenhar, menos um impostor, que vê só uma pista vaga. Na sua vez, cada jogador acrescenta um pedaço ao mesmo desenho e o grupo vê o quadro ir tomando forma; no fim, todo mundo vota em quem estava fingindo. Dá para jogar de graça aqui mesmo, em impostorgames.com/pt/draw: sem app, sem cadastro, de 3 a 20 jogadores e no navegador de qualquer celular.","",""
"LDRA-012","Draw","How to play","Landing page","Get started","Para começar","",""
"LDRA-013","Draw","How to play","Landing page","Everyone has a phone? Join the same room and tap “I’m Ready.”","Todo mundo tem celular? Entrem na mesma sala e toquem em “Estou pronto”.","",""
"LDRA-014","Draw","How to play","Landing page","Only one phone? Enter everyone's names and pass it around.","Só tem um celular? Escrevam os nomes de todos e vão passando.","",""
"LDRA-015","Draw","How to play","Landing page","Get your word","Veja sua palavra","",""
"LDRA-016","Draw","How to play","Landing page","Most players get the same word. The Impostor only gets a hint.","Quase todo mundo recebe a mesma palavra. O impostor recebe só uma pista.","",""
"LDRA-017","Draw","How to play","Landing page","Start drawing","Comecem a desenhar","",""
"LDRA-018","Draw","How to play","Landing page","Take turns drawing. If you're the Impostor, fake your drawing and try to blend in.","Cada um desenha um pedaço, na sua vez. Se você é o impostor, disfarce o seu traço e tente se misturar.","",""
"LDRA-019","Draw","How to play","Landing page","Find the Impostor","Descubram o impostor","",""
"LDRA-020","Draw","How to play","Landing page","After the last round, vote for who you think the Impostor is. On one phone, talk it out and reveal.","Depois da última rodada, votem em quem vocês acham que é o impostor. Com um celular só, conversem e toquem em Revelar.","",""
"LDRA-021","Draw","Links to the other games","Landing page","More games","Mais jogos","",""
"LDRA-022","Draw","Links to the other games","Landing page","Play the Impostor Dance Game","Jogue o Impostor da Dança","",""
"LDRA-023","Draw","Links to the other games","Landing page","Dance Game","Impostor da Dança","",""
"LDRA-024","Draw","Links to the other games","Landing page","Play","Jogar","",""
"LDRA-025","Draw","Links to the other games","Landing page","Play the Impostor Word Game","Jogue o Impostor das Palavras","",""
"LDRA-026","Draw","Links to the other games","Landing page","Word Game","Impostor das Palavras","",""
"LDRA-027","Draw","Links to the other games","Landing page","Play","Jogar","",""
"LDRA-028","Draw","Feedback call to action","Landing page","Got feedback?","Tem alguma sugestão?","",""
"LDRA-029","Draw","More games call to action","Landing page","More games","Impostor Games","",""
"LDRA-030","Draw","Frequently asked questions","Landing page","FAQ","Perguntas frequentes","",""
"LDRA-031","Draw","Frequently asked questions","Landing page","What is Impostor Artist?","O que é o Jogo do Impostor do Desenho?","",""
"LDRA-032","Draw","Frequently asked questions","Landing page","A free online drawing party game for 3–20 players, also known as Fake Artist. Most players get the same secret word, while the impostor only gets a vague hint. Everyone takes turns drawing on a shared online canvas, including the impostor, who tries to blend in without knowing the secret word. At the end, everyone votes to find the impostor.","É um jogo de festa online e grátis para 3 a 20 jogadores, também conhecido como Fake Artist. Quase todo mundo recebe a mesma palavra para desenhar; o impostor recebe só uma pista vaga. Na sua vez, cada um acrescenta um pedaço ao mesmo desenho, o impostor incluído, que desenha no escuro e tenta não dar bandeira. No fim, o grupo vota para descobrir quem era.","",""
"LDRA-033","Draw","Frequently asked questions","Landing page","Can I play Impostor Artist remotely?","Dá para jogar com quem está longe?","",""
"LDRA-034","Draw","Frequently asked questions","Landing page","Yes, it's built for it. The canvas and the vote both live in the app, so nobody needs to be in the same room. It works well alongside a video call, or entirely on its own.","Dá, o jogo foi feito para isso. O quadro e a votação ficam dentro do jogo, então ninguém precisa estar na mesma sala. Funciona bem junto de uma chamada de vídeo, e funciona sozinho também.","",""
"LDRA-035","Draw","Frequently asked questions","Landing page","How many players do I need?","Quantos jogadores precisa?","",""
"LDRA-036","Draw","Frequently asked questions","Landing page","At least 3, up to 20. With everyone on their own phone, one person creates the room and shares the 4-character code or QR code. In Pass the Phone you need no second device at all, just the names of everyone playing.","De 3 a 20 jogadores. Se cada um tiver seu celular, uma pessoa cria a sala e compartilha o código de 4 caracteres ou o QR code. No modo Passar o celular não precisa de mais nenhum aparelho, só dos nomes de quem está jogando.","",""
"LDRA-037","Draw","Frequently asked questions","Landing page","Is it free to play?","É grátis?","",""
"LDRA-038","Draw","Frequently asked questions","Landing page","Yes, completely free. There's no sign-up, no app to install, and no payment. Open the page in any browser and share a room code.","Sim, totalmente grátis. Sem cadastro, sem app e sem pagar nada. Abra a página no navegador de qualquer celular e mande o código da sala para a galera.","",""
"LDRA-039","Draw","Frequently asked questions","Landing page","Is there an Imposter Artist app?","Tem app do Jogo do Impostor do Desenho?","",""
"LDRA-040","Draw","Frequently asked questions","Landing page","No download needed. Impostor Artist runs right in your phone's browser. Just open the page and share a room code. It works on iPhone and Android instantly, with no app to install.","Não precisa baixar nada. O Jogo do Impostor do Desenho roda no navegador do celular: você abre a página e compartilha o código da sala. Funciona na hora no iPhone e no Android, sem instalar nenhum app.","",""
"LDRA-041","Draw","Frequently asked questions","Landing page","Do I need to be good at drawing?","Precisa saber desenhar?","",""
"LDRA-042","Draw","Frequently asked questions","Landing page","No. Rough doodles are the whole point. You only need enough detail to show you know the word, and drawing it too clearly just helps the impostor work it out.","Não, e é melhor que não. Rabisco é a graça do jogo. Você só precisa do detalhe suficiente para mostrar que sabe a palavra, e desenhar bem demais só entrega a palavra para o impostor.","",""
"LDRA-043","Draw","Frequently asked questions","Landing page","Can I play on one device?","Dá para jogar com um celular só?","",""
"LDRA-044","Draw","Frequently asked questions","Landing page","Yes. Pick Pass the Phone in the lobby and one phone does the whole game, so nobody else needs a device and there's no room code. The phone goes round twice: once so each player can swipe their card over and see the word, or the impostor hint, in private, then once per drawing turn, handed straight to the next player with the canvas already live. There's no timer, because nobody can disappear from a phone that's being handed to them, and the turn strip names whose go it is. At the end there's no secret ballot, since that would need a screen each: the finished drawing is held up on a Find the Impostor screen, the group argues it out loud, and someone taps Reveal. The default mode, Everyone has a Phone, still gives each player their own screen.","Dá. Escolha Passar o celular na sala e um celular só leva a partida inteira: ninguém mais precisa de aparelho e não tem código de sala. O celular dá duas voltas. Na primeira, cada jogador desliza a carta dele e vê em segredo a palavra, ou a pista do impostor. Na segunda, cada um faz seu turno de desenho e passa o celular na mão para o próximo, com o quadro já aberto. Não tem cronômetro, porque ninguém some de um celular que está sendo entregue na mão, e a tira de turnos mostra de quem é a vez. No fim não tem votação secreta, porque isso pediria uma tela por pessoa: o desenho pronto fica à vista na tela Descubram o impostor, o grupo discute em voz alta e alguém toca em Revelar. O modo padrão, Cada um com seu celular, continua dando uma tela para cada jogador.","",""
"LDRA-045","Draw","Frequently asked questions","Landing page","What words come up?","Quais palavras aparecem?","",""
"LDRA-046","Draw","Frequently asked questions","Landing page","Four categories: Food, Animals, Everyday Objects and Super Heroes, 350 words in all. The host picks which ones are in play, and a random word is dealt each round. Every word carries two vague one-word hints, and the impostor is shown one of them at random. That hint is all they get.","Quatro categorias: Comida, Animais, Objetos do Dia a Dia e Super-Heróis, 350 palavras no total. O anfitrião escolhe quais entram e cada rodada sorteia uma palavra. Toda palavra vem com duas pistas vagas de uma palavra só, e o impostor recebe uma das duas por sorteio. É tudo o que ele tem.","",""
"LDRA-047","Draw","Frequently asked questions","English only","Is this the same as the Impostor Draw Game?","","",""
"LDRA-048","Draw","Frequently asked questions","English only","Yes, same game. It used to be called the Impostor Draw Game, and most people looking for it are searching for Imposter Artist or Fake Artist, so that is what it is called now. Nothing about how it plays has changed, and old links still work.","","",""
"LDRA-049","Draw","Frequently asked questions","Portuguese only","","É parecido com o Gartic?","",""
"LDRA-050","Draw","Frequently asked questions","Portuguese only","","A ideia de desenhar junto é parecida, mas aqui ninguém fica adivinhando o desenho dos outros. Todo mundo desenha a mesma palavra no mesmo quadro, e a graça é achar quem não sabe qual é a palavra. Está mais para Among Us do que para um jogo de adivinhar desenho.","",""
"SHR-001","Shared","Playing the round","In-game","Dance Game","Impostor da Dança","",""
"SHR-002","Shared","Playing the round","In-game","Word Game","Impostor das Palavras","",""
"SHR-003","Shared","Playing the round","In-game","Impostor Artist","Impostor do Desenho","",""
"SHR-004","Shared","Account and sign in","In-game","Sign in","Entrar","",""
"SHR-005","Shared","Account and sign in","In-game","Sign in to keep your song groups and reuse them anytime.","Entre para salvar suas listas de músicas e usar de novo quando quiser.","",""
"SHR-006","Shared","Account and sign in","In-game","Continue with Google","Continuar com o Google","",""
"SHR-007","Shared","Account and sign in","In-game","or","ou","",""
"SHR-008","Shared","Account and sign in","In-game","you@email.com","voce@email.com","",""
"SHR-009","Shared","Account and sign in","In-game","Email address","E-mail","",""
"SHR-010","Shared","Account and sign in","In-game","Email me a link","Me envie um link","",""
"SHR-011","Shared","Account and sign in","In-game","We only store your email and the song groups you create. You can delete your account anytime.","Guardamos só o seu e-mail e as listas de músicas que você criar. Dá para apagar sua conta quando quiser.","",""
"SHR-012","Shared","Account and sign in","In-game","Close","Fechar","",""
"SHR-013","Shared","Account and sign in","In-game","Opening Google…","Abrindo o Google…","",""
"SHR-014","Shared","Account and sign in","In-game","Sending your link…","Enviando seu link…","",""
"SHR-015","Shared","Account and sign in","In-game","Check your inbox for a sign-in link.","Enviamos um link de acesso. Confira seu e-mail.","",""
"SHR-016","Shared","Account and sign in","In-game","Network problem. Try again.","Problema de conexão. Tente de novo.","",""
"SHR-017","Shared","Account and sign in","In-game","Sign-in is not enabled yet.","Ainda não dá para entrar.","",""
"SHR-018","Shared","Account and sign in","In-game","That email looks off.","Esse e-mail parece errado.","",""
"SHR-019","Shared","Account and sign in","In-game","Something went wrong. Please try again.","Algo deu errado. Tente de novo.","",""
"SHR-020","Shared","Account and sign in","In-game","Sign in","Entrar","",""
"SHR-021","Shared","Account and sign in","In-game","Account","Conta","",""
"SHR-022","Shared","Account and sign in","In-game","Sign out","Sair","",""
"SHR-023","Shared","Account and sign in","In-game","Signed in","Conectado","",""
"SHR-024","Shared","Account and sign in","In-game","Delete account","Apagar a conta","",""
"SHR-025","Shared","Account and sign in","In-game","Delete account?","Apagar a conta?","",""
"SHR-026","Shared","Account and sign in","In-game","This permanently deletes your account and all your song groups. This can't be undone.","Isso apaga sua conta e todas as suas listas de músicas para sempre. Não dá para desfazer.","",""
"SHR-027","Shared","Account and sign in","In-game","Cancel","Cancelar","",""
"SHR-028","Shared","Account and sign in","In-game","Delete","Apagar","",""
"SHR-029","Shared","Account and sign in","In-game","Deleting your account…","Apagando sua conta…","",""
"SHR-030","Shared","Account and sign in","In-game","For security, sign out and sign in again, then delete.","Por segurança, saia, entre de novo e apague a conta depois disso.","",""
"SHR-031","Shared","Account and sign in","In-game","Confirmation cancelled. Try again.","Você cancelou a confirmação. Tente de novo.","",""
"SHR-032","Shared","Account and sign in","In-game","Could not delete your account. Please try again.","Não deu para apagar sua conta. Tente de novo.","",""
"SHR-033","Shared","Talk to the creator","In-game","Talk to creator","Fale com o criador","",""
"SHR-034","Shared","Talk to the creator","In-game","Hey! Hope you’re having fun 🙂

Found a bug, got an idea, or want more categories or games? Tell me — let me fix it for you.","Oi! Espero que vocês estejam se divertindo 🙂

Achou um erro, teve uma ideia ou quer mais categorias e jogos? Me conta que eu arrumo.","",""
"SHR-035","Shared","Talk to the creator","In-game","Write a message…","Escreva uma mensagem…","",""
"SHR-036","Shared","Talk to the creator","In-game","One moment, that was a little too fast.","Calma, isso foi rápido demais.","",""
"SHR-037","Shared","Talk to the creator","In-game","That is a lot of messages for one day. Try again tomorrow.","Já são muitas mensagens por hoje. Tente amanhã.","",""
"SHR-038","Shared","Talk to the creator","In-game","Could not send. Please try again.","Não deu para enviar. Tente de novo.","",""
"SHR-039","Shared","Talk to the creator","In-game","Close","Fechar","",""
"SHR-040","Shared","Talk to the creator","In-game","Message","Mensagem","",""
"SHR-041","Shared","Talk to the creator","In-game","Send","Enviar","",""
"SHR-042","Shared","Talk to the creator","In-game","typing","digitando","",""
"SHR-043","Shared","Language","In-game","This room is in {lang}","Esta sala está em {lang}","",""
"SHR-044","Shared","Language","In-game","The whole game will be in {lang}: the words and the buttons. Everyone in a room plays in the same language.","O jogo inteiro vai ser em {lang}: as palavras e os botões. Numa sala todo mundo joga no mesmo idioma.","",""
"SHR-045","Shared","Language","In-game","Continue in {lang}","Continuar em {lang}","",""
"SHR-046","Shared","Language","In-game","Language","Idioma","",""
"SHR-047","Shared","Language","In-game","English","inglês","",""
"SHR-048","Shared","Language","In-game","Spanish","espanhol","",""
"SHR-049","Shared","Language","In-game","Portuguese","português","",""
