ID,Game,Where it appears,Type,English,Spanish,Your feedback,Suggested Spanish
DAN-001,Dance,Home screen,In-game,← All games,← Impostor Games,,
DAN-002,Dance,Home screen,In-game,Impostor Dance Game,Impostor de Baile,,
DAN-003,Dance,Home screen,In-game,Create or Join the game,Crea una sala o únete a una partida,,
DAN-004,Dance,Home screen,In-game,Create,Crear,,
DAN-005,Dance,Home screen,In-game,Create and be the host,Crea la sala y sé el anfitrión,,
DAN-006,Dance,Home screen,In-game,Join,Unirse,,
DAN-007,Dance,Home screen,In-game,Join an existing game,Únete a una partida existente,,
DAN-013,Dance,Home screen,In-game,Create Room,Crear sala,,
DAN-075,Dance,Home screen,In-game,Back to all games,Volver a Impostor Games,,
DAN-076,Dance,Home screen,In-game,Jump to How to Play,Ir a Cómo se juega,,
DAN-077,Dance,Home screen,In-game,How to play,Cómo se juega,,
DAN-008,Dance,Creating or joining a room,In-game,← Back,← Atrás,,
DAN-009,Dance,Creating or joining a room,In-game,Room Code,Código de sala,,
DAN-010,Dance,Creating or joining a room,In-game,Enter room code to join game,Escribe el código para entrar a la sala,,
DAN-011,Dance,Creating or joining a room,In-game,Name,Nombre,,
DAN-012,Dance,Creating or joining a room,In-game,Enter room,Entrar a la sala,,
DAN-014,Dance,Creating or joining a room,In-game,← Leave,← Salir,,
DAN-015,Dance,Creating or joining a room,In-game,Room Created! 🎉,¡Sala creada! 🎉,,
DAN-016,Dance,Creating or joining a room,In-game,Players can scan or enter the code to join.,Los demás pueden escanear el QR o escribir el código para entrar.,,
DAN-017,Dance,Creating or joining a room,In-game,Scan code,Escanea el código,,
DAN-018,Dance,Creating or joining a room,In-game,or enter code,o escribe el código,,
DAN-019,Dance,Creating or joining a room,In-game,Copy code,Copiar código,,
DAN-020,Dance,Creating or joining a room,In-game,Go to Lobby,Ir a la sala,,
DAN-070,Dance,Creating or joining a room,In-game,Scan to join this room,Escanea para entrar a la sala,,
DAN-078,Dance,Creating or joining a room,In-game,Enter Nick Name,Escribe tu nombre,,
DAN-079,Dance,Creating or joining a room,In-game,Copy room code,Copiar el código de sala,,
DAN-094,Dance,Creating or joining a room,In-game,Room QR code,Código QR de la sala,,
DAN-134,Dance,Creating or joining a room,In-game,That code is a {game} room. Taking you there…,Ese código es de una sala del {game}. Te llevamos ahí…,,
DAN-021,Dance,The lobby,In-game,← Leave Room,← Salir de la sala,,
DAN-022,Dance,The lobby,In-game,How to play,Cómo se juega,,
DAN-023,Dance,The lobby,In-game,Lobby,Sala,,
DAN-024,Dance,The lobby,In-game,↵ Imposter Challenge,↵ Reto del Impostor,,
DAN-025,Dance,The lobby,In-game,✨ New game mode is here. Give it a try!,✨ Hay un modo de juego nuevo. ¡Pruébalo!,,
DAN-026,Dance,The lobby,In-game,Music,Música,,
DAN-027,Dance,The lobby,In-game,TikTok and Reels,TikTok y Reels,,
DAN-028,Dance,The lobby,In-game,✨ Now you can create your own song groups.,✨ Ahora puedes crear tus propias listas de canciones.,,
DAN-029,Dance,The lobby,In-game,Songs,Canciones,,
DAN-030,Dance,The lobby,In-game,Pick the group song…,Elige la canción del grupo…,,
DAN-031,Dance,The lobby,In-game,Impostor song (optional),Canción del impostor (opcional),,
DAN-032,Dance,The lobby,In-game,Impostors,Impostores,,
DAN-033,Dance,The lobby,In-game,1 Impostor,1 Impostor,,
DAN-034,Dance,The lobby,In-game,Players,Jugadores,,
DAN-035,Dance,The lobby,In-game,0 / 0 ready,0 / 0 listos,,
DAN-036,Dance,The lobby,In-game,I'm Ready,Estoy listo,,
DAN-037,Dance,The lobby,In-game,Start Game,Empezar,,
DAN-038,Dance,The lobby,In-game,Waiting for all players to ready up…,Esperando a que todos estén listos…,,
DAN-080,Dance,The lobby,In-game,Show QR code,Ver el código QR,,
DAN-081,Dance,The lobby,In-game,Clear impostor song,Quitar la canción del impostor,,
DAN-082,Dance,The lobby,In-game,Fewer impostors,Menos impostores,,
DAN-083,Dance,The lobby,In-game,More impostors,Más impostores,,
DAN-100,Dance,The lobby,In-game,Game Mode,Modo de juego,,
DAN-143,Dance,The lobby,In-game,Host,Anfitrión,,
DAN-144,Dance,The lobby,In-game,Player,Jugador,,
DAN-145,Dance,The lobby,In-game,{name} (YOU),{name} (TÚ),,
DAN-147,Dance,The lobby,In-game,Keep your screen on to stay in the game.,Deja la pantalla encendida para no salirte de la partida.,,
DAN-148,Dance,The lobby,In-game,Loading songs…,Cargando canciones…,,
DAN-149,Dance,The lobby,In-game,Still loading songs…,Todavía cargando canciones…,,
DAN-150,Dance,The lobby,In-game,"The music service is slow right now, hang on…","El servicio de música va lento ahora mismo, un momento…",,
DAN-151,Dance,The lobby,In-game,Finding an impostor song with a different vibe…,Buscando para el impostor una canción con otro ritmo…,,
DAN-152,Dance,The lobby,In-game,Still listening for a contrast…,Todavía buscando el contraste…,,
DAN-153,Dance,The lobby,In-game,← Quit Game,← Salir de la partida,,
DAN-154,Dance,The lobby,In-game,← Leave Room,← Salir de la sala,,
DAN-155,Dance,The lobby,In-game,"[when 1] Need {count} more player to start.
[when 2+] Need {count} more players to start.","[when 1] Falta {count} jugador para empezar.
[when 2+] Faltan {count} jugadores para empezar.",,
DAN-156,Dance,The lobby,In-game,"[when 1] Need {count} more dancer to start.
[when 2+] Need {count} more dancers to start.","[when 1] Falta {count} bailarín para empezar.
[when 2+] Faltan {count} bailarines para empezar.",,
DAN-157,Dance,The lobby,In-game,"[when 1] Need {count} more player. Share the code!
[when 2+] Need {count} more players. Share the code!","[when 1] Falta {count} jugador. ¡Comparte el código!
[when 2+] Faltan {count} jugadores. ¡Comparte el código!",,
DAN-158,Dance,The lobby,In-game,"[when 1] Need {count} more dancer. Share the code!
[when 2+] Need {count} more dancers. Share the code!","[when 1] Falta {count} bailarín. ¡Comparte el código!
[when 2+] Faltan {count} bailarines. ¡Comparte el código!",,
DAN-159,Dance,The lobby,In-game,Waiting for everyone to ready up…,Esperando a que todos estén listos…,,
DAN-160,Dance,The lobby,In-game,Waiting for host to start…,Esperando a que el anfitrión empiece…,,
DAN-161,Dance,The lobby,In-game,"[when 1] Waiting for {count} more player to ready up…
[when 2+] Waiting for {count} more players to ready up…","[when 1] Falta {count} jugador por estar listo…
[when 2+] Faltan {count} jugadores por estar listos…",,
DAN-162,Dance,The lobby,In-game,Pick the group song to start.,Elige la canción del grupo para empezar.,,
DAN-163,Dance,The lobby,In-game,Everyone is ready. Hit start!,Todos listos. ¡A empezar!,,
DAN-164,Dance,The lobby,In-game,I'm Ready,Estoy listo,,
DAN-165,Dance,The lobby,In-game,I'm Not Ready,No estoy listo,,
DAN-166,Dance,The lobby,In-game,✓ Ready,✓ Listo,,
DAN-167,Dance,The lobby,In-game,Waiting,Esperando,,
DAN-168,Dance,The lobby,In-game,Host,Anfitrión,,
DAN-169,Dance,The lobby,In-game,DJ,DJ,,
DAN-170,Dance,The lobby,In-game,YOU,TÚ,,
DAN-171,Dance,The lobby,In-game,Host's Choice,La elige el anfitrión,,
DAN-172,Dance,The lobby,In-game,Pick the group song…,Elige la canción del grupo…,,
DAN-173,Dance,The lobby,In-game,Impostor song (optional),Canción del impostor (opcional),,
DAN-174,Dance,The lobby,In-game,🎵 {title} — {artist},🎵 {title} — {artist},,
DAN-086,Dance,Choosing a game mode,In-game,Pick a game mode,Elige el modo de juego,,
DAN-104,Dance,Choosing a game mode,In-game,Imposter Challenge,Reto del Impostor,,
DAN-105,Dance,Choosing a game mode,In-game,One player hears a different song. Dance and catch the imposter.,Un jugador escucha otra canción. Bailen y descubran quién es.,,
DAN-106,Dance,Choosing a game mode,In-game,DJ Mode,Modo DJ,,
DAN-107,Dance,Choosing a game mode,In-game,The host becomes the DJ and picks the songs for an Imposter round.,El anfitrión se vuelve el DJ y elige las canciones de la ronda.,,
DAN-108,Dance,Choosing a game mode,In-game,Find Your Squad,Encuentra a tu Gente,,
DAN-109,Dance,Choosing a game mode,In-game,Half the players hear the same song. Dance and find the player sharing your music.,La mitad escucha la misma canción. Baila y encuentra a quien va contigo.,,
DAN-110,Dance,Choosing a game mode,In-game,Partner Hunt,Busca tu Pareja,,
DAN-111,Dance,Choosing a game mode,In-game,Players are grouped into pairs. Each pair hears a different song. Find your matching teammate.,Los jugadores se reparten en parejas y cada pareja escucha una canción distinta. Encuentra a la tuya.,,
DAN-112,Dance,Choosing a game mode,In-game,Coming soon,Muy pronto,,
DAN-113,Dance,Choosing a game mode,In-game,🙋 I want this sooner,🙋 Lo quiero ya,,
DAN-114,Dance,Choosing a game mode,In-game,🎉 You're on the list,🎉 Estás en la lista,,
DAN-115,Dance,Choosing a game mode,In-game,Thanks! We'll build it if enough of you want it 🎉,"¡Gracias! Si lo piden suficientes, lo construimos 🎉",,
DAN-053,Dance,Choosing music and categories,In-game,Select,Elegir,,
DAN-054,Dance,Choosing music and categories,In-game,✨ Now you can select multiple categories,✨ Ahora puedes elegir varias categorías,,
DAN-055,Dance,Choosing music and categories,In-game,Done,Listo,,
DAN-056,Dance,Choosing music and categories,In-game,Pick the group song,Elige la canción del grupo,,
DAN-084,Dance,Choosing music and categories,In-game,Pick music categories,Elige las categorías de música,,
DAN-085,Dance,Choosing music and categories,In-game,Close,Cerrar,,
DAN-087,Dance,Choosing music and categories,In-game,Search for a song,Busca una canción,,
DAN-088,Dance,Choosing music and categories,In-game,Search song or artist…,Busca canción o artista…,,
DAN-137,Dance,Choosing music and categories,In-game,You're offline. Reconnect and tap Start again.,No tienes conexión. Vuelve a conectarte y toca Empezar otra vez.,,
DAN-138,Dance,Choosing music and categories,In-game,Couldn't load the songs. The music service isn't responding. Tap Start to try again.,No se pudieron cargar las canciones. El servicio de música no responde. Toca Empezar para intentarlo otra vez.,,
DAN-139,Dance,Choosing music and categories,In-game,Couldn't load enough songs. The music service isn't responding. Tap Start to try again.,No se pudieron cargar suficientes canciones. El servicio de música no responde. Toca Empezar para intentarlo otra vez.,,
DAN-140,Dance,Choosing music and categories,In-game,"Couldn't find an impostor song. Pick one yourself, or tap Start to try again.","No se encontró una canción para el impostor. Elige una tú, o toca Empezar para intentarlo otra vez.",,
DAN-141,Dance,Choosing music and categories,In-game,Pick the group song first,Primero elige la canción del grupo,,
DAN-142,Dance,Choosing music and categories,In-game,Pick two different songs,Elige dos canciones distintas,,
DAN-175,Dance,Choosing music and categories,In-game,Select,Elegir,,
DAN-176,Dance,Choosing music and categories,In-game,Cancel,Cancelar,,
DAN-177,Dance,Choosing music and categories,In-game,"[when 1] {count} song
[when 2+] {count} songs","[when 1] {count} canción
[when 2+] {count} canciones",,
DAN-178,Dance,Choosing music and categories,In-game,Pick the group song,Elige la canción del grupo,,
DAN-179,Dance,Choosing music and categories,In-game,Pick the impostor song,Elige la canción del impostor,,
DAN-180,Dance,Choosing music and categories,In-game,Searching…,Buscando…,,
DAN-181,Dance,Choosing music and categories,In-game,No songs found — try a different search.,No se encontraron canciones. Prueba con otra búsqueda.,,
DAN-182,Dance,Choosing music and categories,In-game,Search for any song,Busca cualquier canción,,
DAN-057,Dance,Song groups,In-game,Create a song group,Crear una lista de canciones,,
DAN-058,Dance,Song groups,In-game,↵ Add at least 4 songs,↵ Agrega al menos 4 canciones,,
DAN-059,Dance,Song groups,In-game,Save,Guardar,,
DAN-060,Dance,Song groups,In-game,Sign in to save and use anytime.,Inicia sesión para guardarla y usarla cuando quieras.,,
DAN-061,Dance,Song groups,In-game,Group Created!,¡Lista creada!,,
DAN-062,Dance,Song groups,In-game,Your song group is ready.,Tu lista de canciones está lista.,,
DAN-063,Dance,Song groups,In-game,Sign in & Save,Inicia sesión y guarda,,
DAN-064,Dance,Song groups,In-game,Save it to your account and use it anytime.,Guárdala en tu cuenta y úsala cuando quieras.,,
DAN-065,Dance,Song groups,In-game,Continue as Guest,Seguir como invitado,,
DAN-066,Dance,Song groups,In-game,Available only during this session.,Disponible solo en esta sesión.,,
DAN-067,Dance,Song groups,In-game,Lose your song group?,¿Pierdes tu lista de canciones?,,
DAN-068,Dance,Song groups,In-game,Signing in keeps it for next time.,"Si inicias sesión, se queda para la próxima.",,
DAN-069,Dance,Song groups,In-game,Quit anyway,Salir de todos modos,,
DAN-073,Dance,Song groups,In-game,Tap to start the music,Toca para que empiece la música,,
DAN-074,Dance,Song groups,In-game,"Your browser paused the song. One tap and you'll drop in, right in sync with everyone else.","El navegador pausó la canción. Con un toque entras, justo a tiempo con todos los demás.",,
DAN-089,Dance,Song groups,In-game,Search a song to add…,Busca una canción para agregar…,,
DAN-090,Dance,Song groups,In-game,Clear search,Borrar la búsqueda,,
DAN-091,Dance,Song groups,In-game,Group name (optional),Nombre de la lista (opcional),,
DAN-092,Dance,Song groups,In-game,Delete group,Borrar la lista,,
DAN-093,Dance,Song groups,In-game,Group created,Lista creada,,
DAN-183,Dance,Song groups,In-game,My Groups,Mis listas,,
DAN-184,Dance,Song groups,In-game,My Group,Mi lista,,
DAN-185,Dance,Song groups,In-game,Song Group {n},Lista {n},,
DAN-186,Dance,Song groups,In-game,+ Create a song group,+ Crear una lista de canciones,,
DAN-187,Dance,Song groups,In-game,Create a song group,Crear una lista de canciones,,
DAN-188,Dance,Song groups,In-game,Edit song group,Editar la lista,,
DAN-189,Dance,Song groups,In-game,"[when 1] {count} song · on this session
[when 2+] {count} songs · on this session","[when 1] {count} canción · solo en esta sesión
[when 2+] {count} canciones · solo en esta sesión",,
DAN-190,Dance,Song groups,In-game,"[when 1] You can keep up to {count} song group. Edit or delete one to add another.
[when 2+] You can keep up to {count} song groups. Edit or delete one to add another.","[when 1] Puedes guardar hasta {count} lista. Edita o borra una para agregar otra.
[when 2+] Puedes guardar hasta {count} listas. Edita o borra una para agregar otra.",,
DAN-191,Dance,Song groups,In-game,"[when 1] You can keep up to {count} song group
[when 2+] You can keep up to {count} song groups","[when 1] Puedes guardar hasta {count} lista
[when 2+] Puedes guardar hasta {count} listas",,
DAN-192,Dance,Song groups,In-game,"[when 1] Up to {count} song per group
[when 2+] Up to {count} songs per group","[when 1] Hasta {count} canción por lista
[when 2+] Hasta {count} canciones por lista",,
DAN-193,Dance,Song groups,In-game,Song group saved to your account,Lista guardada en tu cuenta,,
DAN-194,Dance,Song groups,In-game,"Group saved. Your account is at the group limit, the rest stay session-only.","Lista guardada. Tu cuenta llegó al límite, así que las demás se quedan solo en esta sesión.",,
DAN-195,Dance,Song groups,In-game,"Your account is at the group limit, so your session group was not saved.","Tu cuenta llegó al límite de listas, así que la lista de esta sesión no se guardó.",,
DAN-196,Dance,Song groups,In-game,"Delete ""{name}""?",¿Borrar «{name}»?,,
DAN-197,Dance,Song groups,In-game,Discard this song group?,¿Descartar esta lista?,,
DAN-039,Dance,Playing the round,In-game,Your song is different — blend in and dance like you fit the vibe.,Tu canción es otra. Disimula y baila como si fuera la de todos.,,
DAN-040,Dance,Playing the round,In-game,NOW PLAYING,SONANDO AHORA,,
DAN-041,Dance,Playing the round,In-game,Track —,Canción —,,
DAN-042,Dance,Playing the round,In-game,End Round,Terminar la ronda,,
DAN-043,Dance,Playing the round,In-game,Dance to the song! Watch who's off the vibe.,¡A bailar! Mira quién va a otro ritmo.,,
DAN-101,Dance,Playing the round,In-game,You're the Impostor,Eres el impostor,,
DAN-102,Dance,Playing the round,In-game,Game Master,Maestro del Juego,,
DAN-146,Dance,Playing the round,In-game,"[when 1] Impostor
[when 2+] Impostors","[when 1] Impostor
[when 2+] Impostores",,
DAN-201,Dance,Playing the round,In-game,🎵 NOW PLAYING,🎵 SONANDO AHORA,,
DAN-202,Dance,Playing the round,In-game,{title} — {artist},{title} — {artist},,
DAN-203,Dance,Playing the round,In-game,End Round,Terminar la ronda,,
DAN-204,Dance,Playing the round,In-game,"[when 1] Impostor: {names}
[when 2+] Impostors: {names}","[when 1] Impostor: {names}
[when 2+] Impostores: {names}",,
DAN-205,Dance,Playing the round,In-game,You're watching — everyone else is dancing.,Tú miras. Los demás bailan.,,
DAN-206,Dance,Playing the round,In-game,Dance to your song and find the others on your wavelength.,Baila tu canción y encuentra a quienes van contigo.,,
DAN-207,Dance,Playing the round,In-game,Dance to the song! Watch who's off the vibe.,¡A bailar! Mira quién va a otro ritmo.,,
DAN-229,Dance,Playing the round,In-game,Tap to start the music,Toca para que empiece la música,,
DAN-230,Dance,Playing the round,In-game,"Your browser paused the song. One tap and you'll drop in, right in sync with everyone else.","El navegador pausó la canción. Con un toque entras, justo a tiempo con todos los demás.",,
DAN-231,Dance,Playing the round,In-game,Couldn't load the song,No se pudo cargar la canción,,
DAN-232,Dance,Playing the round,In-game,The music service didn't answer. Tap to try again and you'll drop back in with everyone else.,El servicio de música no respondió. Toca para intentarlo otra vez y entrar con todos los demás.,,
DAN-044,Dance,Discussion and voting,In-game,Find the Impostor,Encuentren al impostor,,
DAN-045,Dance,Discussion and voting,In-game,who danced off the vibe?,¿quién iba a otro ritmo?,,
DAN-046,Dance,Discussion and voting,In-game,Reveal Impostor,Revelar impostor,,
DAN-208,Dance,Discussion and voting,In-game,Find Your Group,Encuentra a tu grupo,,
DAN-209,Dance,Discussion and voting,In-game,Find the Impostor,Encuentren al impostor,,
DAN-210,Dance,Discussion and voting,In-game,who shared your song?,¿quién escuchaba tu canción?,,
DAN-211,Dance,Discussion and voting,In-game,who danced off the vibe?,¿quién iba a otro ritmo?,,
DAN-212,Dance,Discussion and voting,In-game,Reveal Groups,Revelar los grupos,,
DAN-213,Dance,Discussion and voting,In-game,Reveal Impostor,Revelar impostor,,
DAN-214,Dance,Discussion and voting,In-game,Everyone locked in their guess? Hit Reveal to show the groups.,¿Ya se decidieron todos? Toca Revelar para mostrar los grupos.,,
DAN-215,Dance,Discussion and voting,In-game,"You know who it is — enjoy the debate, then reveal.",Tú sabes quién es. Disfruta el debate y después revela.,,
DAN-216,Dance,Discussion and voting,In-game,Hit Reveal when everyone is ready.,Toca Revelar cuando todos estén listos.,,
DAN-217,Dance,Discussion and voting,In-game,waiting for the host to reveal the groups….,esperando a que el anfitrión revele los grupos….,,
DAN-218,Dance,Discussion and voting,In-game,waiting for host to reveal impostor….,esperando a que el anfitrión revele al impostor….,,
DAN-047,Dance,End of the round,In-game,Round Over,Fin de la ronda,,
DAN-048,Dance,End of the round,In-game,TheImpostorwas,ElImpostorera,,
DAN-049,Dance,End of the round,In-game,Crewmates heard,El grupo escuchó,,
DAN-050,Dance,End of the round,In-game,Impostor heard,El impostor escuchó,,
DAN-051,Dance,End of the round,In-game,Play Again,Otra ronda,,
DAN-052,Dance,End of the round,In-game,Exit Room,Salir de la sala,,
DAN-219,Dance,End of the round,In-game,Round Over,Fin de la ronda,,
DAN-220,Dance,End of the round,In-game,The Reveal!,¡La revelación!,,
DAN-221,Dance,End of the round,In-game,Round complete. Here are the squads…,Ronda terminada. Estos son los equipos…,,
DAN-222,Dance,End of the round,In-game,"[when 1] was
[when 2+] were","[when 1] era
[when 2+] eran",,
DAN-223,Dance,End of the round,In-game,"[when 1] Impostor heard
[when 2+] Impostors heard","[when 1] El impostor escuchó
[when 2+] Los impostores escucharon",,
DAN-224,Dance,End of the round,In-game,YOUR SQUAD,TU EQUIPO,,
DAN-225,Dance,End of the round,In-game,THE OTHER SQUAD,EL OTRO EQUIPO,,
DAN-226,Dance,End of the round,In-game,SQUAD {n},EQUIPO {n},,
DAN-227,Dance,End of the round,In-game,Quit Game,Salir de la partida,,
DAN-228,Dance,End of the round,In-game,Exit Room,Salir de la sala,,
DAN-116,Dance,Errors and messages,In-game,Firebase not configured,Firebase sin configurar,,
DAN-117,Dance,Errors and messages,In-game,Firebase not configured — see README,Firebase sin configurar. Mira el README.,,
DAN-118,Dance,Errors and messages,In-game,Room closed,Sala cerrada,,
DAN-119,Dance,Errors and messages,In-game,Room not found,No se encontró la sala,,
DAN-120,Dance,Errors and messages,In-game,No room found with that code,No hay ninguna sala con ese código,,
DAN-121,Dance,Errors and messages,In-game,Game already in progress,La partida ya comenzó,,
DAN-122,Dance,Errors and messages,In-game,Room is full,La sala está llena,,
DAN-123,Dance,Errors and messages,In-game,Could not check room: {detail},No se pudo verificar la sala: {detail},,
DAN-124,Dance,Errors and messages,In-game,Choose a nickname,Elige un nombre,,
DAN-125,Dance,Errors and messages,In-game,Could not join,No se pudo entrar,,
DAN-126,Dance,Errors and messages,In-game,Failed to create room: {detail},No se pudo crear la sala: {detail},,
DAN-127,Dance,Errors and messages,In-game,Could not load songs,No se pudieron cargar las canciones,,
DAN-128,Dance,Errors and messages,In-game,Could not change category,No se pudo cambiar de categoría,,
DAN-129,Dance,Errors and messages,In-game,Could not change mode,No se pudo cambiar de modo,,
DAN-130,Dance,Errors and messages,In-game,Could not select group,No se pudo elegir la lista,,
DAN-131,Dance,Errors and messages,In-game,Could not save group,No se pudo guardar la lista,,
DAN-132,Dance,Errors and messages,In-game,Could not copy,No se pudo copiar,,
DAN-133,Dance,Errors and messages,In-game,No track loaded,No hay ninguna canción cargada,,
DAN-136,Dance,Errors and messages,In-game,Room code copied,Código copiado,,
DAN-071,Dance,Rating and feedback,In-game,Enjoying the game? 🎉,¿Te está gustando? 🎉,,
DAN-072,Dance,Rating and feedback,In-game,Tell us what you think,Cuéntanos qué te parece,,
DAN-095,Dance,Rating and feedback,In-game,Enjoying the game?,¿Te está gustando?,,
DAN-096,Dance,Rating and feedback,In-game,Not great,Regular,,
DAN-097,Dance,Rating and feedback,In-game,It's okay,Normal,,
DAN-098,Dance,Rating and feedback,In-game,Good,Bueno,,
DAN-099,Dance,Rating and feedback,In-game,Love it,Me encanta,,
DAN-233,Dance,Rating and feedback,In-game,Thanks! 🙏,¡Gracias! 🙏,,
DAN-234,Dance,Rating and feedback,In-game,Tell us more,Cuéntanos más,,
DAN-103,Dance,Language,In-game,Cancel,Cancelar,,
DAN-135,Dance,Language,In-game,The whole game will be in {lang}: the songs and the buttons. Everyone in a room plays in the same language.,Todo el juego va a estar en {lang}: las canciones y los botones. En una sala todos juegan en el mismo idioma.,,
DAN-198,Dance,Screen reader labels,In-game,Edit group,Editar la lista,,
DAN-199,Dance,Screen reader labels,In-game,Preview,Escuchar un fragmento,,
DAN-200,Dance,Screen reader labels,In-game,Remove,Quitar,,
DAN-235,Dance,Spanish-only song categories,Spanish only,,Categorías,,
DAN-236,Dance,Spanish-only song categories,Spanish only,,Canciones que se reconocen en cualquier idioma,,
DAN-237,Dance,Spanish-only song categories,Spanish only,,Éxitos globales,,
DAN-238,Dance,Spanish-only song categories,Spanish only,,"Perreo, trap y lo que manda en el género urbano",,
DAN-239,Dance,Spanish-only song categories,Spanish only,,Reggaetón y urbano,,
DAN-240,Dance,Spanish-only song categories,Spanish only,,Pop latino y clásicos que todos se saben,,
DAN-241,Dance,Spanish-only song categories,Spanish only,,Éxitos en español,,
DAN-242,Dance,Spanish-only song categories,Spanish only,,Lo que está sonando en TikTok y Reels,,
DAN-243,Dance,Spanish-only song categories,Spanish only,,TikTok y Reels,,
DAN-244,Dance,English-only song categories,English only,Indian,,,
DAN-245,Dance,English-only song categories,English only,International,,,
DAN-246,Dance,English-only song categories,English only,The biggest songs of the 80s,,,
DAN-247,Dance,English-only song categories,English only,80s Hits,,,
DAN-248,Dance,English-only song categories,English only,The biggest songs of the 90s,,,
DAN-249,Dance,English-only song categories,English only,90s Hits,,,
DAN-250,Dance,English-only song categories,English only,Trending songs from Bollywood,,,
DAN-251,Dance,English-only song categories,English only,Bollywood,,,
DAN-252,Dance,English-only song categories,English only,The biggest K-pop hits right now,,,
DAN-253,Dance,English-only song categories,English only,K-Pop,,,
DAN-254,Dance,English-only song categories,English only,Trending Kannada songs,,,
DAN-255,Dance,English-only song categories,English only,Kannada,,,
DAN-256,Dance,English-only song categories,English only,Reggaeton and Latin chart-toppers,,,
DAN-257,Dance,English-only song categories,English only,Latin Hits,,,
DAN-258,Dance,English-only song categories,English only,Trending Malayalam songs,,,
DAN-259,Dance,English-only song categories,English only,Malayalam,,,
DAN-260,Dance,English-only song categories,English only,Trending Tamil songs,,,
DAN-261,Dance,English-only song categories,English only,Tamil,,,
DAN-262,Dance,English-only song categories,English only,Trending Telugu songs,,,
DAN-263,Dance,English-only song categories,English only,Telugu,,,
DAN-264,Dance,English-only song categories,English only,What's trending on TikTok and Reels,,,
DAN-265,Dance,English-only song categories,English only,TikTok and Reels,,,
DAN-266,Dance,English-only song categories,English only,Chart-topping hits playing right now,,,
DAN-267,Dance,English-only song categories,English only,Today's Pop,,,
LDAN-001,Dance,Page title and search description,Landing page,Imposter Dance Game | Free Headphones Party Game,Juego del Impostor de Baile | Gratis y Online,,
LDAN-002,Dance,Page title and search description,Landing page,"Who is the imposter? Everyone puts on headphones and dances to the same song, except the imposter, who hears a completely different track. Catch them by whose dancing is off-vibe. A free online imposter dance game for 3–20 friends, no app, no sign-up. Also known as the Imposter Dance Challenge. Pick one or more music categories (today's pop, K-pop, Latin, 80s and 90s hits, TikTok and Reels, Bollywood, Tamil, Telugu, Kannada, Malayalam) or use DJ Mode to have the host choose the exact song the group hears.","El Juego del Impostor de Baile: un juego de fiesta online y gratis. Todos se ponen los auriculares y bailan la misma canción, menos el impostor, que escucha otra completamente distinta. Descubran quién va a otro ritmo. Juega gratis en el navegador con 3 a 20 amigos, sin app y sin registro. Elige una o varias categorías de música (TikTok y Reels, reggaetón y urbano, éxitos en español, éxitos globales) o usa el Modo DJ para elegir tú mismo la canción que escucha el grupo.",,
LDAN-003,Dance,Page title and search description,Landing page,Impostor Dance Game,Impostor de Baile,,
LDAN-004,Dance,Page title and search description,Landing page,"Everyone wears headphones and dances to the same song — except the impostor. A free multiplayer party game — the Imposter Dance Challenge, in your browser for 3–20 friends.","Todos bailan la misma canción con los auriculares puestos, menos el impostor, que escucha otra. Un juego de fiesta gratis: descubran quién va a otro ritmo. En el navegador, para 3 a 20 amigos.",,
LDAN-005,Dance,Page title and search description,Landing page,Impostor Dance Game,Impostor de Baile,,
LDAN-006,Dance,Page title and search description,Landing page,"Everyone wears headphones and dances to the same song — except the impostor. A free multiplayer party game — the Imposter Dance Challenge, in your browser for 3–20 friends.","Todos bailan la misma canción con los auriculares puestos, menos el impostor, que escucha otra. Un juego de fiesta gratis: descubran quién va a otro ritmo. En el navegador, para 3 a 20 amigos.",,
LDAN-007,Dance,Page title and search description,Landing page,"imposter dance challenge, imposter dance game, imposter dance game app, imposter dance challenge game, headphones party game, impostor dance game, impostor music game, dj mode dance game, host picks the song, song imposter game, guess the song party game, music imposter game, who is the impostor, who is the imposter app, who is the impostor game, imposter dance app, party game, multiplayer party game, multiplayer impostor game, multiplayer dance game, online multiplayer party game, social deduction game, spyfall, among us party game","juego del impostor, impostor de baile, juego del impostor de baile, juego de baile con auriculares, reto del impostor bailando, impostor bailando, quien es el impostor, impostor online, juego de fiesta, juegos para fiestas, juegos de fiesta online, juego multijugador online, juego de deduccion social, juegos como among us, juego de bailar con amigos, modo dj, juegos para reuniones",,
LDAN-008,Dance,How to play,Landing page,How to Play,Cómo se juega,,
LDAN-009,Dance,How to play,Landing page,A party game of bluff and beats — also known as the Imposter Dance Challenge,"Una canción, unos auriculares y un impostor que va a otro ritmo",,
LDAN-010,Dance,How to play,Landing page,"The Imposter Dance Challenge (also called the Imposter Dance Game) is a party game where every player wears headphones and dances to the same song — except one secret impostor, who hears a completely different track. The group watches the dance-off and tries to spot the impostor by their off-vibe moves. You can play it free online right here at impostorgames.com — no app, no sign-up, 3–20 players, works on any phone browser.","El Juego del Impostor de Baile es un juego de fiesta al que puedes jugar desde tu teléfono. Todos se ponen los auriculares y bailan la misma canción, menos un impostor, que escucha otra completamente distinta y tiene que disimular. El grupo mira el baile y trata de descubrir quién va a otro ritmo. Puedes jugar gratis aquí mismo, en impostorgames.com/es/dance: sin app, sin registro, de 3 a 20 jugadores y desde el navegador de cualquier teléfono.",,
LDAN-011,Dance,How to play,Landing page,Join a room,Entren a la sala,,
LDAN-012,Dance,How to play,Landing page,Join the room and tap “I’m Ready.”,Entren todos a la misma sala y toquen «Estoy listo».,,
LDAN-013,Dance,How to play,Landing page,Get your song,Recibe tu canción,,
LDAN-014,Dance,How to play,Landing page,Most players get the same song. The Impostor gets a different song.,Casi todos reciben la misma canción. El impostor recibe otra distinta.,,
LDAN-015,Dance,How to play,Landing page,Start dancing,¡A bailar!,,
LDAN-016,Dance,How to play,Landing page,"Dance to your song. If you're the Impostor, watch the others and fake it.","Baila tu canción. Si eres el impostor, mira a los demás y finge.",,
LDAN-017,Dance,How to play,Landing page,Find the Impostor,Encuentren al impostor,,
LDAN-018,Dance,How to play,Landing page,Discuss who you think danced to a different song. The host taps Reveal to see if you're right.,Hablen sobre quién creen que bailaba otra canción. El anfitrión toca Revelar para ver si acertaron.,,
LDAN-019,Dance,Links to the other games,Landing page,More games,Más juegos,,
LDAN-020,Dance,Links to the other games,Landing page,Play the Impostor Draw Game,Juega al Impostor de Dibujos,,
LDAN-021,Dance,Links to the other games,Landing page,Draw Game,Impostor de Dibujos,,
LDAN-022,Dance,Links to the other games,Landing page,Play,Jugar,,
LDAN-023,Dance,Links to the other games,Landing page,Play the Impostor Word Game,Juega al Impostor de Palabras,,
LDAN-024,Dance,Links to the other games,Landing page,Word Game,Impostor de Palabras,,
LDAN-025,Dance,Links to the other games,Landing page,Play,Jugar,,
LDAN-026,Dance,The two ways to play,Landing page,"Two ways to play. In Imposter Challenge, the host picks a music category and the app plays a random song each round while the host dances along. In DJ Mode, the host searches for the exact song the group hears, sits out, and watches as game master, perfect when you want to control the playlist and catch the impostor yourself.","Dos formas de jugar. En el Reto del Impostor, el anfitrión elige una categoría de música, cada ronda suena una canción al azar y él baila con todos. En el Modo DJ, el anfitrión busca la canción exacta que escucha el grupo, se queda fuera de la ronda y mira sabiendo quién es el impostor: ideal cuando quieres poner tú la música y atrapar al impostor por tu cuenta.",,
LDAN-027,Dance,Feedback call to action,Landing page,Got feedback?,¿Alguna sugerencia?,,
LDAN-028,Dance,More games call to action,Landing page,More games,Impostor Games,,
LDAN-029,Dance,Frequently asked questions,Landing page,FAQ,Preguntas frecuentes,,
LDAN-030,Dance,Frequently asked questions,Landing page,What is the Impostor Dance Game?,¿Qué es el Juego del Impostor de Baile?,,
LDAN-031,Dance,Frequently asked questions,Landing page,"It's a free online party game for 3–20 players. When a round starts, everyone hears the same song on their phone — except one secret impostor, who hears a completely different track. Everyone dances to what they're hearing, and the group tries to spot the impostor by whose moves don't match the song's vibe. Think Spyfall or Among Us, but with music and dancing.","Es un juego de fiesta online y gratis para 3 a 20 jugadores. Cuando empieza la ronda, todos escuchan la misma canción en su teléfono, menos un impostor, que escucha otra completamente distinta. Cada uno baila lo que está escuchando y el grupo trata de descubrir al impostor por quién va a otro ritmo. Es la idea de Among Us o Spyfall, pero con música y baile.",,
LDAN-032,Dance,Frequently asked questions,Landing page,Is this the Imposter Dance Challenge?,¿Hacen falta auriculares?,,
LDAN-033,Dance,Frequently asked questions,Landing page,"Yes — this is the online Imposter Dance Challenge, also known as the Imposter Dance Game. Everyone puts on headphones and dances to the same song, except one secret impostor who's hearing a completely different tune. The group watches the dance-off and tries to catch whoever's moving off-vibe — the same viral party game, playable right in your browser with 3–20 friends.","Sí, y son imprescindibles: cada jugador necesita los suyos. Todo el juego depende de que el impostor escuche otra canción sin que nadie más se entere, así que el sonido no puede salir al aire.",,
LDAN-034,Dance,Frequently asked questions,Landing page,Is there an Imposter Dance Game app?,¿Cuántos jugadores hacen falta?,,
LDAN-035,Dance,Frequently asked questions,Landing page,"No download needed — the Imposter Dance Game runs right in your phone's browser. Just open the page and share a room code. It works on iPhone and Android instantly, with no app to install.",De 3 a 20 jugadores. Una persona crea la sala y queda de anfitrión; los demás entran con el código de 4 caracteres o escaneando el código QR.,,
LDAN-036,Dance,Frequently asked questions,Landing page,"Is this a free alternative to the ""Who is the Impostor"" app?",¿Es gratis?,,
LDAN-037,Dance,Frequently asked questions,Landing page,"Yes. ""Who is the Impostor?"" is the viral dance party game where everyone dances to the same song except one impostor hearing a different tune in their headphones, then players vote to catch them. The Impostor Dance Game is a free browser version of the same idea: no app to download, no sign-up, no ads. Open the page, share a room code, and play with 3–20 friends on their own phones. There's even a DJ Mode where the host picks the exact song.","Sí, es completamente gratis. Sin registro, sin app y sin pagar nada. Abre la página en el navegador de cualquier teléfono y comparte el código de sala.",,
LDAN-038,Dance,Frequently asked questions,Landing page,Where can I play the Imposter Dance Challenge online?,¿Qué música suena?,,
LDAN-039,Dance,Frequently asked questions,Landing page,"Right here at impostorgames.com. It's a free browser version of the viral Imposter Dance Challenge — one player creates a room, shares the 4-character code (or QR code), and 3–20 friends join from their own phones. No app, no account, no cost.","El anfitrión elige una o varias categorías antes de cada ronda: TikTok y Reels con lo que está sonando ahora, Reggaetón y urbano, Éxitos en español con pop latino y clásicos que todos reconocen, y Éxitos globales con canciones que se conocen en cualquier idioma. Se pueden combinar varias en una sola mezcla. Cada ronda suena una canción al azar de lo elegido, y al impostor le toca otra distinta pero parecida.",,
LDAN-040,Dance,Frequently asked questions,Landing page,How do you play the imposter dance trend from TikTok and Reels?,¿El anfitrión puede elegir la canción exacta? (Modo DJ),,
LDAN-041,Dance,Frequently asked questions,Landing page,"Exactly like the videos: everyone puts on headphones, one secret impostor gets a different song, and the group dances together and tries to spot who's moving to the wrong beat. This site handles the hard part automatically — syncing the music and secretly assigning the impostor — so you can play the trend at home with just your phones.","Sí, eso es el Modo DJ. En vez de una canción al azar de una categoría, el anfitrión busca la que quiera, se queda fuera de la ronda y mira sabiendo quién es el impostor. La app le sigue eligiendo al impostor una canción que contraste, o el anfitrión también puede elegirla. El modo por defecto, Reto del Impostor, pone una canción al azar de una categoría y el anfitrión baila con todos.",,
LDAN-042,Dance,Frequently asked questions,Landing page,Is it free to play?,¿Hay que saber bailar?,,
LDAN-043,Dance,Frequently asked questions,Landing page,"Yes, completely free. There's no sign-up, no app to install, and no payment. Just open the page in any phone browser and share a room code with your friends.","Para nada. De eso se trata. Lo que delata al impostor no es bailar mal, es bailar otra cosa: un movimiento lento sobre una canción rápida se nota aunque nadie sepa bailar. Moverse de cualquier manera basta para jugar.",,
LDAN-044,Dance,Frequently asked questions,Landing page,How many players do I need?,¿Se puede jugar con un solo teléfono?,,
LDAN-045,Dance,Frequently asked questions,Landing page,"At least 3 players, up to 20. One person creates the room and becomes the host; everyone else joins with the 4-character room code.","No. Es un juego en tiempo real y cada jugador necesita su propio teléfono y sus auriculares, porque cada uno tiene que escuchar en privado la canción del grupo o la del impostor. Si solo tienen un teléfono, el Impostor de Palabras y el Impostor de Dibujos sí se pueden jugar así.",,
WOR-001,Word,Home screen,In-game,← All games,← Impostor Games,,
WOR-002,Word,Home screen,In-game,Impostor Word Game,Impostor de Palabras,,
WOR-003,Word,Home screen,In-game,Create or Join the game,Crea una sala o únete a una partida,,
WOR-004,Word,Home screen,In-game,Create,Crear,,
WOR-005,Word,Home screen,In-game,Create and be the host,Crea la sala y sé el anfitrión,,
WOR-006,Word,Home screen,In-game,Join,Unirse,,
WOR-007,Word,Home screen,In-game,Join an existing game,Únete a una partida existente,,
WOR-013,Word,Home screen,In-game,Create Room,Crear sala,,
WOR-051,Word,Home screen,In-game,Back to all games,Volver a Impostor Games,,
WOR-052,Word,Home screen,In-game,Jump to How to Play,Ir a Cómo se juega,,
WOR-053,Word,Home screen,In-game,How to play,Cómo se juega,,
WOR-008,Word,Creating or joining a room,In-game,← Back,← Atrás,,
WOR-009,Word,Creating or joining a room,In-game,Room Code,Código de sala,,
WOR-010,Word,Creating or joining a room,In-game,Enter room code to join game,Escribe el código para entrar a la sala,,
WOR-011,Word,Creating or joining a room,In-game,Name,Nombre,,
WOR-012,Word,Creating or joining a room,In-game,Enter room,Entrar a la sala,,
WOR-014,Word,Creating or joining a room,In-game,← Leave,← Salir,,
WOR-015,Word,Creating or joining a room,In-game,Room Created! 🎉,¡Sala creada! 🎉,,
WOR-016,Word,Creating or joining a room,In-game,Players can scan or enter the code to join.,Los demás pueden escanear el QR o escribir el código para entrar.,,
WOR-017,Word,Creating or joining a room,In-game,Scan code,Escanea el código,,
WOR-018,Word,Creating or joining a room,In-game,or enter code,o escribe el código,,
WOR-019,Word,Creating or joining a room,In-game,Copy code,Copiar código,,
WOR-020,Word,Creating or joining a room,In-game,or,o,,
WOR-021,Word,Creating or joining a room,In-game,Choose Pass the Phone mode to play on one phone.,Elige el modo Pasar el teléfono para jugar con un solo teléfono.,,
WOR-022,Word,Creating or joining a room,In-game,Go to Lobby,Ir a la sala,,
WOR-050,Word,Creating or joining a room,In-game,Scan to join this room,Escanea para entrar a la sala,,
WOR-054,Word,Creating or joining a room,In-game,Enter Nick Name,Escribe tu nombre,,
WOR-055,Word,Creating or joining a room,In-game,Copy room code,Copiar el código de sala,,
WOR-067,Word,Creating or joining a room,In-game,Room QR code,Código QR de la sala,,
WOR-086,Word,Creating or joining a room,In-game,That code is a {game} room. Taking you there…,Ese código es de una sala del {game}. Te llevamos ahí…,,
WOR-023,Word,The lobby,In-game,How to play,Cómo se juega,,
WOR-024,Word,The lobby,In-game,Lobby,Sala,,
WOR-025,Word,The lobby,In-game,↵ Everyone has a Phone,↵ Cada uno con su teléfono,,
WOR-026,Word,The lobby,In-game,Category,Categoría,,
WOR-027,Word,The lobby,In-game,Impostors,Impostores,,
WOR-028,Word,The lobby,In-game,1 Impostor,1 Impostor,,
WOR-029,Word,The lobby,In-game,Players,Jugadores,,
WOR-030,Word,The lobby,In-game,0 / 0 ready,0 / 0 listos,,
WOR-031,Word,The lobby,In-game,0 players,0 jugadores,,
WOR-032,Word,The lobby,In-game,Start Game,Empezar,,
WOR-033,Word,The lobby,In-game,Waiting for all players to ready up…,Esperando a que todos estén listos…,,
WOR-056,Word,The lobby,In-game,Show QR code,Ver el código QR,,
WOR-057,Word,The lobby,In-game,Fewer impostors,Menos impostores,,
WOR-058,Word,The lobby,In-game,More impostors,Más impostores,,
WOR-068,Word,The lobby,In-game,Game Mode,Modo de juego,,
WOR-094,Word,The lobby,In-game,Player {n},Jugador {n},,
WOR-095,Word,The lobby,In-game,Player,Jugador,,
WOR-096,Word,The lobby,In-game,Host,Anfitrión,,
WOR-097,Word,The lobby,In-game,Keep your screen on to stay in the game.,Deja la pantalla encendida para no salirte de la partida.,,
WOR-098,Word,The lobby,In-game,Dealing cards…,Repartiendo cartas…,,
WOR-099,Word,The lobby,In-game,← Quit Game,← Salir de la partida,,
WOR-100,Word,The lobby,In-game,← Leave Room,← Salir de la sala,,
WOR-101,Word,The lobby,In-game,"[when 1] Need {count} more player to start.
[when 2+] Need {count} more players to start.","[when 1] Falta {count} jugador para empezar.
[when 2+] Faltan {count} jugadores para empezar.",,
WOR-102,Word,The lobby,In-game,"[when 1] Add {count} more player to start.
[when 2+] Add {count} more players to start.","[when 1] Agrega {count} jugador más para empezar.
[when 2+] Agrega {count} jugadores más para empezar.",,
WOR-103,Word,The lobby,In-game,"[when 1] Need {count} more player. Share the code!
[when 2+] Need {count} more players. Share the code!","[when 1] Falta {count} jugador. ¡Comparte el código!
[when 2+] Faltan {count} jugadores. ¡Comparte el código!",,
WOR-104,Word,The lobby,In-game,Waiting for everyone to ready up…,Esperando a que todos estén listos…,,
WOR-105,Word,The lobby,In-game,Waiting for host to start…,Esperando a que el anfitrión empiece…,,
WOR-106,Word,The lobby,In-game,Everyone gets the phone in turn. Hit start!,El teléfono pasa de un jugador a otro. ¡A empezar!,,
WOR-107,Word,The lobby,In-game,"[when 1] Waiting for {count} more player to ready up…
[when 2+] Waiting for {count} more players to ready up…","[when 1] Falta {count} jugador por estar listo…
[when 2+] Faltan {count} jugadores por estar listos…",,
WOR-108,Word,The lobby,In-game,Everyone is ready. Hit start!,Todos listos. ¡A empezar!,,
WOR-109,Word,The lobby,In-game,I'm Ready,Estoy listo,,
WOR-110,Word,The lobby,In-game,I'm Not Ready,No estoy listo,,
WOR-111,Word,The lobby,In-game,✓ Ready,✓ Listo,,
WOR-112,Word,The lobby,In-game,Waiting,Esperando,,
WOR-113,Word,The lobby,In-game,Host,Anfitrión,,
WOR-114,Word,The lobby,In-game,YOU,TÚ,,
WOR-115,Word,The lobby,In-game,Add player,Agregar jugador,,
WOR-065,Word,Choosing a game mode,In-game,Pick a game mode,Elige el modo de juego,,
WOR-090,Word,Choosing a game mode,In-game,Everyone has a Phone,Cada uno con su teléfono,,
WOR-091,Word,Choosing a game mode,In-game,Everyone uses their own phone to play the game.,Cada jugador juega desde su propio teléfono.,,
WOR-092,Word,Choosing a game mode,In-game,Pass the Phone,Pasar el teléfono,,
WOR-093,Word,Choosing a game mode,In-game,Everyone uses one screen to play the game.,Todos juegan en una sola pantalla.,,
WOR-048,Word,Choosing music and categories,In-game,✨ Now you can select multiple categories,✨ Ahora puedes elegir varias categorías,,
WOR-049,Word,Choosing music and categories,In-game,Done,Listo,,
WOR-066,Word,Choosing music and categories,In-game,Pick word categories,Elige las categorías,,
WOR-121,Word,Choosing music and categories,In-game,Select,Elegir,,
WOR-122,Word,Choosing music and categories,In-game,Cancel,Cancelar,,
WOR-123,Word,Choosing music and categories,In-game,Categories,Categorías,,
WOR-124,Word,Choosing music and categories,In-game,Food,Comida,,
WOR-125,Word,Choosing music and categories,In-game,"Dishes, snacks, fruits and drinks","Platos, frutas, dulces y bebidas",,
WOR-126,Word,Choosing music and categories,In-game,Animals,Animales,,
WOR-127,Word,Choosing music and categories,In-game,"Pets, wildlife, birds and sea creatures","Mascotas, fauna, aves y animales del mar",,
WOR-128,Word,Choosing music and categories,In-game,Places,Lugares,,
WOR-129,Word,Choosing music and categories,In-game,Everywhere from the beach to a space station,De la playa a una estación espacial,,
WOR-130,Word,Choosing music and categories,In-game,Everyday Objects,Objetos cotidianos,,
WOR-131,Word,Choosing music and categories,In-game,Things lying around every home,Cosas que hay en cualquier casa,,
WOR-132,Word,Choosing music and categories,In-game,Movies & TV,Cine y TV,,
WOR-133,Word,Choosing music and categories,In-game,"Blockbusters, series and cartoon icons","Éxitos de taquilla, series e iconos animados",,
WOR-134,Word,Choosing music and categories,In-game,Football,Fútbol,,
WOR-135,Word,Choosing music and categories,In-game,"Stars, clubs and moments from the pitch","Estrellas, clubes y momentos de la cancha",,
WOR-136,Word,Choosing music and categories,In-game,Super Heroes,Superhéroes,,
WOR-137,Word,Choosing music and categories,In-game,"Capes, masks and the villains chasing them","Capas, máscaras y los villanos que los persiguen",,
WOR-034,Word,Playing the round,In-game,Reveal Impostor,Revelar impostor,,
WOR-035,Word,Playing the round,In-game,Swipe to check your card,Desliza para ver tu carta,,
WOR-036,Word,Playing the round,In-game,Game on,¡A jugar!,,
WOR-037,Word,Playing the round,In-game,Tap Reveal when the round is decided.,Toca Revelar cuando lo tengan decidido.,,
WOR-039,Word,Playing the round,In-game,Take turns saying one clue word each.,"Por turnos, cada uno dice una palabra.",,
WOR-040,Word,Playing the round,In-game,Swipe to reveal,Desliza para revelar tu carta,,
WOR-041,Word,Playing the round,In-game,Game is on,¡A jugar!,,
WOR-042,Word,Playing the round,In-game,Take turns saying one clue word each. Tap Reveal when the round is decided.,"Por turnos, cada uno dice una palabra. Toca Revelar cuando lo tengan decidido.",,
WOR-069,Word,Playing the round,In-game,You're the Impostor,Eres el impostor,,
WOR-116,Word,Playing the round,In-game,"[when 1] Impostor
[when 2+] Impostors","[when 1] Impostor
[when 2+] Impostores",,
WOR-138,Word,Playing the round,In-game,YOUR HINT,TU PISTA,,
WOR-139,Word,Playing the round,In-game,THE SECRET WORD,LA PALABRA SECRETA,,
WOR-140,Word,Playing the round,In-game,Take turns saying one clue word each.,"Por turnos, cada uno dice una palabra.",,
WOR-141,Word,Playing the round,In-game,Blend in! Give a clue that fits without knowing the word.,¡Disimula! Di una palabra que encaje sin saber cuál es.,,
WOR-142,Word,Playing the round,In-game,Take turns saying one clue word each — don't make it easy for the imposter.,"Por turnos, cada uno dice una palabra. No se lo pongan fácil al impostor.",,
WOR-143,Word,Playing the round,In-game,Starting in {n},Empieza en {n},,
WOR-144,Word,Playing the round,In-game,Take turns saying one clue word each.,"Por turnos, cada uno dice una palabra.",,
WOR-145,Word,Playing the round,In-game,"If you're the Impostor, use the hint to blend in.","Si eres el impostor, usa la pista para disimular.",,
WOR-155,Word,Playing the round,In-game,Player {current} of {total},Jugador {current} de {total},,
WOR-156,Word,Playing the round,In-game,Start Playing,Empezar a jugar,,
WOR-157,Word,Playing the round,In-game,Pass to {name},Pásaselo a {name},,
WOR-158,Word,Playing the round,In-game,Pass to Next Player,Pásaselo al siguiente,,
WOR-043,Word,End of the round,In-game,Round Over,Fin de la ronda,,
WOR-044,Word,End of the round,In-game,The secret word was,La palabra secreta era,,
WOR-045,Word,End of the round,In-game,Play Again,Otra ronda,,
WOR-159,Word,End of the round,In-game,"[when 1] TheImpostorwas
[when 2+] TheImpostorswere","[when 1] ElImpostorera
[when 2+] LosImpostoreseran",,
WOR-160,Word,End of the round,In-game,{name} (YOU),{name} (TÚ),,
WOR-161,Word,End of the round,In-game,Quit Game,Salir de la partida,,
WOR-162,Word,End of the round,In-game,Exit Room,Salir de la sala,,
WOR-038,Word,Leaving a game,In-game,Cancel,Cancelar,,
WOR-148,Word,Leaving a game,In-game,Quit the game?,¿Salir de la partida?,,
WOR-149,Word,Leaving a game,In-game,Leave the room?,¿Salir de la sala?,,
WOR-150,Word,Leaving a game,In-game,This ends the round for everyone and closes the room.,Se acaba la ronda para todos y la sala se cierra.,,
WOR-151,Word,Leaving a game,In-game,You drop out of this round. The others carry on without you.,Te sales de esta ronda. Los demás continúan sin ti.,,
WOR-152,Word,Leaving a game,In-game,This ends the round and takes everyone back to the start.,Se acaba la ronda y todos vuelven al principio.,,
WOR-153,Word,Leaving a game,In-game,Quit game,Salir,,
WOR-154,Word,Leaving a game,In-game,Leave,Salir,,
WOR-070,Word,Errors and messages,In-game,Firebase not configured,Firebase sin configurar,,
WOR-071,Word,Errors and messages,In-game,Firebase not configured — see README,Firebase sin configurar. Mira el README.,,
WOR-072,Word,Errors and messages,In-game,Room not found,No se encontró la sala,,
WOR-073,Word,Errors and messages,In-game,Game already in progress,La partida ya comenzó,,
WOR-074,Word,Errors and messages,In-game,Room is full,La sala está llena,,
WOR-075,Word,Errors and messages,In-game,Room closed,Sala cerrada,,
WOR-076,Word,Errors and messages,In-game,No room found with that code,No hay ninguna sala con ese código,,
WOR-077,Word,Errors and messages,In-game,Could not check room: {detail},No se pudo verificar la sala: {detail},,
WOR-078,Word,Errors and messages,In-game,Could not join,No se pudo entrar,,
WOR-079,Word,Errors and messages,In-game,Could not create a room: {detail},No se pudo crear la sala: {detail},,
WOR-080,Word,Errors and messages,In-game,Failed to create room: {detail},No se pudo crear la sala: {detail},,
WOR-081,Word,Errors and messages,In-game,Could not start the round,No se pudo iniciar la ronda,,
WOR-082,Word,Errors and messages,In-game,Could not change category,No se pudo cambiar de categoría,,
WOR-083,Word,Errors and messages,In-game,No word loaded,No hay ninguna palabra cargada,,
WOR-084,Word,Errors and messages,In-game,Choose a nickname,Elige un nombre,,
WOR-085,Word,Errors and messages,In-game,Could not copy,No se pudo copiar,,
WOR-087,Word,Errors and messages,In-game,Room code copied,Código copiado,,
WOR-088,Word,Errors and messages,In-game,Finish passing the phone first,Primero terminen de pasar el teléfono,,
WOR-089,Word,Errors and messages,In-game,Tap Quit Game to leave,Toca Salir de la partida para irte,,
WOR-046,Word,Rating and feedback,In-game,Enjoying the game? 🎉,¿Te está gustando? 🎉,,
WOR-047,Word,Rating and feedback,In-game,Tell us what you think,Cuéntanos qué te parece,,
WOR-059,Word,Rating and feedback,In-game,Enjoying the game?,¿Te está gustando?,,
WOR-060,Word,Rating and feedback,In-game,Close,Cerrar,,
WOR-061,Word,Rating and feedback,In-game,Not great,Regular,,
WOR-062,Word,Rating and feedback,In-game,It's okay,Normal,,
WOR-063,Word,Rating and feedback,In-game,Good,Bueno,,
WOR-064,Word,Rating and feedback,In-game,Love it,Me encanta,,
WOR-163,Word,Rating and feedback,In-game,Thanks! 🙏,¡Gracias! 🙏,,
WOR-164,Word,Rating and feedback,In-game,Tell us more,Cuéntanos más,,
WOR-117,Word,Screen reader labels,In-game,Player name,Nombre del jugador,,
WOR-118,Word,Screen reader labels,In-game,Rename {name},Cambiar el nombre de {name},,
WOR-119,Word,Screen reader labels,In-game,Remove {name},Quitar a {name},,
WOR-120,Word,Screen reader labels,In-game,{name}: swipe to reveal your card,{name}: desliza para ver tu carta,,
WOR-146,Word,Screen reader labels,In-game,Check your card,Mira tu carta,,
WOR-147,Word,Screen reader labels,In-game,Put your card away,Guarda tu carta,,
LWOR-001,Word,Page title and search description,Landing page,Imposter Word Game | Find the Impostor | Free Online Party Game,Juego del Impostor de Palabras | Gratis y Online,,
LWOR-002,Word,Page title and search description,Landing page,"The Impostor Word Game: a free online multiplayer party game. Everyone gets the same secret word — except the impostor, who only gets a vague hint. Take turns saying one clue word each, expose the impostor before they guess the word. Also known as the Imposter Word Game or Undercover. Play free in your browser with 3–20 friends.","El Juego del Impostor de Palabras: un juego de fiesta online y gratis. Todos ven la misma palabra secreta, menos el impostor, que solo recibe una pista vaga. Por turnos, cada uno dice una palabra que la describa. Atrapen al impostor antes de que adivine la palabra. Juega gratis en el navegador con 3 a 20 amigos.",,
LWOR-003,Word,Page title and search description,Landing page,Impostor Word Game,Impostor de Palabras,,
LWOR-004,Word,Page title and search description,Landing page,"Everyone gets the same secret word — except the impostor, who only gets a hint. A free multiplayer party game — one clue word each, then catch the impostor. In your browser for 3–20 friends.","Todos ven la misma palabra secreta, menos el impostor, que solo recibe una pista. Un juego de fiesta gratis: una palabra cada uno por turnos y a atrapar al impostor. En el navegador, para 3 a 20 amigos.",,
LWOR-005,Word,Page title and search description,Landing page,Impostor Word Game,Impostor de Palabras,,
LWOR-006,Word,Page title and search description,Landing page,"Everyone gets the same secret word — except the impostor, who only gets a hint. A free multiplayer party game — one clue word each, then catch the impostor. In your browser for 3–20 friends.","Todos ven la misma palabra secreta, menos el impostor, que solo recibe una pista. Un juego de fiesta gratis: una palabra cada uno por turnos y a atrapar al impostor. En el navegador, para 3 a 20 amigos.",,
LWOR-007,Word,Page title and search description,Landing page,"imposter word game, impostor word game, undercover word game, word imposter online, imposter game online, secret word party game, imposter word game app, party game, multiplayer party game, multiplayer impostor game, multiplayer word game, online multiplayer party game, social deduction game, spyfall, among us party game","juego del impostor, impostor de palabras, juego del impostor de palabras, juego de la palabra secreta, palabra secreta juego, quien es el impostor, impostor online, undercover juego, juego de fiesta, juegos para fiestas, juegos de fiesta online, juego multijugador online, juego de deduccion social, juegos como among us, juegos para reuniones",,
LWOR-008,Word,How to play,Landing page,How to Play,Cómo se juega,,
LWOR-009,Word,How to play,Landing page,A party game of bluff and wordplay — also known as Undercover,"Un juego de palabras y deducción, también conocido como Undercover",,
LWOR-010,Word,How to play,Landing page,"The Impostor Word Game (also called the Imposter Word Game or Undercover) is a party game where everyone secretly sees the same word — except one impostor, who only gets a vague hint. Players take turns saying one clue word each; the group tries to expose the impostor while the impostor bluffs and tries to guess the secret word. You can play it free online right here at impostorgames.com/word — no app, no sign-up, 3–20 players, works on any phone browser.","El Juego del Impostor de Palabras (también llamado Undercover) es un juego de fiesta en el que todos ven en secreto la misma palabra, menos un impostor, que solo recibe una pista vaga. Por turnos, cada jugador dice una palabra que la describa; el grupo intenta atrapar al impostor mientras el impostor se hace el distraído e intenta adivinar la palabra secreta. Puedes jugar gratis aquí mismo, en impostorgames.com/es/word: sin app, sin registro, de 3 a 20 jugadores y desde el navegador de cualquier teléfono.",,
LWOR-011,Word,How to play,Landing page,Get started,Para empezar,,
LWOR-012,Word,How to play,Landing page,Everyone has a phone? Join the same room and tap “I’m Ready.”,¿Todos tienen un teléfono? Entren a la misma sala y toquen «Estoy listo».,,
LWOR-013,Word,How to play,Landing page,Only one phone? Enter everyone's names and pass it around.,¿Hay un solo teléfono? Escriban los nombres de todos y vayan pasándolo.,,
LWOR-014,Word,How to play,Landing page,Get your word,Miren su palabra,,
LWOR-015,Word,How to play,Landing page,Most players get the same word. The Impostor only gets a hint.,Casi todos reciben la misma palabra. El impostor solo recibe una pista.,,
LWOR-016,Word,How to play,Landing page,Give clues,Den pistas,,
LWOR-017,Word,How to play,Landing page,"Take turns saying one clue word each. If you're the Impostor, use the hint to blend in.","Por turnos, cada uno dice una palabra. Si eres el impostor, usa la pista para disimular.",,
LWOR-018,Word,How to play,Landing page,Find the Impostor,Encuentren al impostor,,
LWOR-019,Word,How to play,Landing page,Discuss your clues and agree on your suspect. The host taps Reveal to see if you're right.,Hablen de las pistas y decidan de quién sospechan. El anfitrión toca Revelar para ver si acertaron.,,
LWOR-020,Word,Links to the other games,Landing page,More games,Más juegos,,
LWOR-021,Word,Links to the other games,Landing page,Play the Impostor Dance Game,Juega al Impostor de Baile,,
LWOR-022,Word,Links to the other games,Landing page,Dance Game,Impostor de Baile,,
LWOR-023,Word,Links to the other games,Landing page,Play,Jugar,,
LWOR-024,Word,Links to the other games,Landing page,Play the Impostor Draw Game,Juega al Impostor de Dibujos,,
LWOR-025,Word,Links to the other games,Landing page,Draw Game,Impostor de Dibujos,,
LWOR-026,Word,Links to the other games,Landing page,Play,Jugar,,
LWOR-027,Word,Feedback call to action,Landing page,Got feedback?,¿Alguna sugerencia?,,
LWOR-028,Word,More games call to action,Landing page,More games,Impostor Games,,
LWOR-029,Word,Frequently asked questions,Landing page,FAQ,Preguntas frecuentes,,
LWOR-030,Word,Frequently asked questions,Landing page,What is the Impostor Word Game?,¿Qué es el Juego del Impostor de Palabras?,,
LWOR-031,Word,Frequently asked questions,Landing page,"It's a free online party game for 3–20 players, also known as Undercover or the Imposter Word Game. Everyone secretly sees the same word on their phone — except one impostor, who only sees a vague hint. Players take turns saying one clue word each; the group tries to expose the impostor, and the impostor tries to blend in and guess the secret word.","Es un juego de fiesta online y gratis para 3 a 20 jugadores, también conocido como Undercover. Todos ven en secreto la misma palabra en el teléfono, menos un impostor, que solo ve una pista vaga. Por turnos, cada uno dice una palabra que la describa; el grupo intenta atrapar al impostor, y el impostor intenta pasar desapercibido y adivinar la palabra secreta.",,
LWOR-032,Word,Frequently asked questions,Landing page,How do you catch the impostor?,¿Cómo se atrapa al impostor?,,
LWOR-033,Word,Frequently asked questions,Landing page,"Listen to everyone's clue words. Players who know the secret word give clues that clearly relate to it — the impostor has to bluff from just a hint, so their clues tend to be vague or slightly off. Discuss, accuse, and when the group has decided, the host taps Reveal.","Escucha bien las palabras de los demás. Quien conoce la palabra secreta da pistas que encajan con ella; el impostor tiene que fingir con muy poco, así que lo suyo suele sonar vago o un poco raro. Hablen sobre sus pistas y acusen, y cuando el grupo lo tenga claro el anfitrión toca Revelar.",,
LWOR-034,Word,Frequently asked questions,Landing page,Is there an Imposter Word Game app?,¿Hay una app del Juego del Impostor?,,
LWOR-035,Word,Frequently asked questions,Landing page,"No download needed — the Impostor Word Game runs right in your phone's browser. Just open the page and share a room code. It works on iPhone and Android instantly, with no app to install.","No hace falta descargar nada. El Juego del Impostor de Palabras funciona en el navegador del teléfono: abres la página y compartes el código de sala. Funciona al instante en iPhone y en Android, sin instalar ninguna app.",,
LWOR-036,Word,Frequently asked questions,Landing page,Is it free to play?,¿Es gratis?,,
LWOR-037,Word,Frequently asked questions,Landing page,"Yes, completely free. There's no sign-up, no app to install, and no payment. Just open the page in any phone browser and share a room code with your friends.","Sí, del todo. Sin registro, sin app y sin pagar nada. Abre la página en el navegador de cualquier teléfono y comparte el código de sala con tus amigos.",,
LWOR-038,Word,Frequently asked questions,Landing page,How many players do I need?,¿Cuántos jugadores hacen falta?,,
LWOR-039,Word,Frequently asked questions,Landing page,"At least 3 players, up to 20. One person creates the room and becomes the host; everyone else joins with the 4-character room code or by scanning the QR code.",Mínimo 3 y hasta 20. Una persona crea la sala y es el anfitrión; el resto entra con el código de 4 caracteres o escaneando el código QR.,,
LWOR-040,Word,Frequently asked questions,Landing page,What word categories are there?,¿Qué categorías de palabras hay?,,
LWOR-041,Word,Frequently asked questions,Landing page,"Seven categories: Food, Animals, Places, Everyday Objects, Movies & TV, Football and Super Heroes, each with dozens of words. The host picks a category before every round, and each word comes with two vague hints, one of which the impostor is shown at random.","Siete: Comida, Animales, Lugares, Objetos cotidianos, Cine y TV, Fútbol y Superhéroes, cada una con decenas de palabras. El anfitrión elige categoría antes de cada ronda, y cada palabra lleva dos pistas vagas: al impostor le toca una de las dos al azar.",,
LWOR-042,Word,Frequently asked questions,Landing page,Can the impostor win?,¿Puede ganar el impostor?,,
LWOR-043,Word,Frequently asked questions,Landing page,"Yes — two ways. Stay undetected until the end of the round, or work out the secret word from everyone's clues and say it out loud before being exposed.","Sí, de dos maneras: aguantar hasta el final de la ronda sin que lo atrapen, o deducir la palabra secreta a partir de las pistas de los demás y decirla en voz alta antes de que lo descubran.",,
LWOR-044,Word,Frequently asked questions,Landing page,Can I play on one device?,¿Se puede jugar con un solo teléfono?,,
LWOR-045,Word,Frequently asked questions,Landing page,"Yes. Pick Pass the Phone in the lobby and one phone goes round the group: each player swipes their card over, sees their word or their impostor hint in private, and hands the phone on. Type everyone's names in once and the list is remembered for next time. The default mode, Everyone has a Phone, still gives each player their own screen. Either way the clue-giving and accusing happen out loud in the same room.","Sí. Elige Pasar el teléfono en la sala y un teléfono va dando la vuelta al grupo: cada jugador desliza su carta, ve su palabra o su pista en privado y se lo pasa al siguiente. Los nombres se escriben una vez y quedan guardados para la próxima. El modo por defecto, Cada uno con su teléfono, le da a cada jugador su propia pantalla. En los dos casos las pistas y las acusaciones se dicen en voz alta, en la misma habitación.",,
DRA-001,Draw,Home screen,In-game,← All games,← Impostor Games,,
DRA-002,Draw,Home screen,In-game,Impostor Draw Game,Impostor de Dibujos,,
DRA-003,Draw,Home screen,In-game,Create or Join the game,Crea una sala o únete a una partida,,
DRA-004,Draw,Home screen,In-game,Create,Crear,,
DRA-005,Draw,Home screen,In-game,Create and be the host,Crea la sala y sé el anfitrión,,
DRA-006,Draw,Home screen,In-game,Join,Unirse,,
DRA-007,Draw,Home screen,In-game,Join an existing game,Únete a una partida existente,,
DRA-013,Draw,Home screen,In-game,Create Room,Crear sala,,
DRA-070,Draw,Home screen,In-game,Back to all games,Volver a Impostor Games,,
DRA-071,Draw,Home screen,In-game,Create a game,Crear una partida,,
DRA-072,Draw,Home screen,In-game,Join a game,Entrar a una partida,,
DRA-073,Draw,Home screen,In-game,Jump to How to Play,Ir a Cómo se juega,,
DRA-074,Draw,Home screen,In-game,How to play,Cómo se juega,,
DRA-185,Draw,Home screen,In-game,"Add the last part to the drawing, then tap Done to find the impostor.",Agrega la última parte al dibujo y toca Listo para buscar al impostor.,,
DRA-186,Draw,Home screen,In-game,"Add your part to the drawing, then tap Done and pass the phone to the next player.","Agrega tu parte al dibujo, toca Listo y pásale el teléfono al siguiente.",,
DRA-187,Draw,Home screen,In-game,Done,Listo,,
DRA-188,Draw,Home screen,In-game,Done → Pass to {name},Listo → Pásaselo a {name},,
DRA-189,Draw,Home screen,In-game,You're the impostor. Your hint is “{hint}”. Watch the others draw and fake it.,Eres el impostor. Tu pista es «{hint}». Mira lo que dibujan los demás y disimula.,,
DRA-190,Draw,Home screen,In-game,The word is “{word}”. Try not to give too much away while drawing.,La palabra es «{word}». Dibújala sin ponérselo fácil al impostor.,,
DRA-008,Draw,Creating or joining a room,In-game,← Back,← Atrás,,
DRA-009,Draw,Creating or joining a room,In-game,Room Code,Código de sala,,
DRA-010,Draw,Creating or joining a room,In-game,Enter room code to join game,Escribe el código para entrar a la sala,,
DRA-011,Draw,Creating or joining a room,In-game,Name,Nombre,,
DRA-012,Draw,Creating or joining a room,In-game,Enter room,Entrar a la sala,,
DRA-014,Draw,Creating or joining a room,In-game,← Leave,← Salir,,
DRA-015,Draw,Creating or joining a room,In-game,Room Created! 🎉,¡Sala creada! 🎉,,
DRA-016,Draw,Creating or joining a room,In-game,Players can scan or enter the code to join.,Los demás pueden escanear el QR o escribir el código para entrar.,,
DRA-017,Draw,Creating or joining a room,In-game,Scan code,Escanea el código,,
DRA-018,Draw,Creating or joining a room,In-game,or enter code,o escribe el código,,
DRA-019,Draw,Creating or joining a room,In-game,Copy code,Copiar código,,
DRA-020,Draw,Creating or joining a room,In-game,or,o,,
DRA-021,Draw,Creating or joining a room,In-game,Choose Pass the Phone mode to play on one phone.,Elige el modo Pasar el teléfono para jugar con un solo teléfono.,,
DRA-022,Draw,Creating or joining a room,In-game,Go to Lobby,Ir a la sala,,
DRA-069,Draw,Creating or joining a room,In-game,Scan to join this room,Escanea para entrar a la sala,,
DRA-075,Draw,Creating or joining a room,In-game,Enter Nick Name,Escribe tu nombre,,
DRA-076,Draw,Creating or joining a room,In-game,Copy room code,Copiar el código de sala,,
DRA-093,Draw,Creating or joining a room,In-game,Room QR code,Código QR de la sala,,
DRA-126,Draw,Creating or joining a room,In-game,That code is a {game} room. Taking you there…,Ese código es de una sala del {game}. Te llevamos ahí…,,
DRA-023,Draw,The lobby,In-game,← Leave Room,← Salir de la sala,,
DRA-024,Draw,The lobby,In-game,How to play,Cómo se juega,,
DRA-025,Draw,The lobby,In-game,Lobby,Sala,,
DRA-026,Draw,The lobby,In-game,↵ Everyone has a Phone,↵ Cada uno con su teléfono,,
DRA-027,Draw,The lobby,In-game,Category,Categoría,,
DRA-028,Draw,The lobby,In-game,Food,Comida,,
DRA-029,Draw,The lobby,In-game,Rounds,Rondas,,
DRA-030,Draw,The lobby,In-game,2 Rounds,2 Rondas,,
DRA-031,Draw,The lobby,In-game,Impostors,Impostores,,
DRA-032,Draw,The lobby,In-game,1 Impostor,1 Impostor,,
DRA-033,Draw,The lobby,In-game,Players,Jugadores,,
DRA-034,Draw,The lobby,In-game,0 / 0 ready,0 / 0 listos,,
DRA-035,Draw,The lobby,In-game,0 players,0 jugadores,,
DRA-036,Draw,The lobby,In-game,I'm Ready,Estoy listo,,
DRA-037,Draw,The lobby,In-game,Start Game,Empezar,,
DRA-038,Draw,The lobby,In-game,Waiting for all players to ready up…,Esperando a que todos estén listos…,,
DRA-077,Draw,The lobby,In-game,Show QR code,Ver el código QR,,
DRA-078,Draw,The lobby,In-game,Fewer rounds,Menos rondas,,
DRA-079,Draw,The lobby,In-game,More rounds,Más rondas,,
DRA-094,Draw,The lobby,In-game,Game Mode,Modo de juego,,
DRA-134,Draw,The lobby,In-game,Player {n},Jugador {n},,
DRA-135,Draw,The lobby,In-game,Player,Jugador,,
DRA-136,Draw,The lobby,In-game,Host,Anfitrión,,
DRA-137,Draw,The lobby,In-game,Someone,Alguien,,
DRA-138,Draw,The lobby,In-game,{name} (YOU),{name} (TÚ),,
DRA-139,Draw,The lobby,In-game,{name} (You),{name} (Tú),,
DRA-140,Draw,The lobby,In-game,{name} (you),{name} (tú),,
DRA-141,Draw,The lobby,In-game,{name} (left the room),{name} (salió de la sala),,
DRA-142,Draw,The lobby,In-game,Keep your screen on to stay in the game.,Deja la pantalla encendida para no salirte de la partida.,,
DRA-143,Draw,The lobby,In-game,Dealing…,Repartiendo cartas…,,
DRA-144,Draw,The lobby,In-game,← Quit Game,← Salir de la partida,,
DRA-145,Draw,The lobby,In-game,← Leave Room,← Salir de la sala,,
DRA-146,Draw,The lobby,In-game,← Leave,← Salir,,
DRA-147,Draw,The lobby,In-game,"[when 1] Need {count} more player to start.
[when 2+] Need {count} more players to start.","[when 1] Falta {count} jugador para empezar.
[when 2+] Faltan {count} jugadores para empezar.",,
DRA-148,Draw,The lobby,In-game,"[when 1] Add {count} more player to start.
[when 2+] Add {count} more players to start.","[when 1] Agrega {count} jugador más para empezar.
[when 2+] Agrega {count} jugadores más para empezar.",,
DRA-149,Draw,The lobby,In-game,"[when 1] Need {count} more player. Share the code!
[when 2+] Need {count} more players. Share the code!","[when 1] Falta {count} jugador. ¡Comparte el código!
[when 2+] Faltan {count} jugadores. ¡Comparte el código!",,
DRA-150,Draw,The lobby,In-game,Waiting for everyone to ready up…,Esperando a que todos estén listos…,,
DRA-151,Draw,The lobby,In-game,Waiting for host to start…,Esperando a que el anfitrión empiece…,,
DRA-152,Draw,The lobby,In-game,Everyone gets the phone in turn. Hit start!,El teléfono pasa de un jugador a otro. ¡A empezar!,,
DRA-153,Draw,The lobby,In-game,"[when 1] Waiting for {count} more player to ready up…
[when 2+] Waiting for {count} more players to ready up…","[when 1] Falta {count} jugador por estar listo…
[when 2+] Faltan {count} jugadores por estar listos…",,
DRA-154,Draw,The lobby,In-game,Everyone is ready. Hit start!,Todos listos. ¡A empezar!,,
DRA-155,Draw,The lobby,In-game,I'm Ready,Estoy listo,,
DRA-156,Draw,The lobby,In-game,I'm Not Ready,No estoy listo,,
DRA-157,Draw,The lobby,In-game,✓ Ready,✓ Listo,,
DRA-158,Draw,The lobby,In-game,Waiting,Esperando,,
DRA-159,Draw,The lobby,In-game,Host,Anfitrión,,
DRA-160,Draw,The lobby,In-game,YOU,TÚ,,
DRA-161,Draw,The lobby,In-game,Add player,Agregar jugador,,
DRA-162,Draw,The lobby,In-game,"[when 1] Round
[when 2+] Rounds","[when 1] Ronda
[when 2+] Rondas",,
DRA-091,Draw,Choosing a game mode,In-game,Pick a game mode,Elige el modo de juego,,
DRA-130,Draw,Choosing a game mode,In-game,Everyone has a Phone,Cada uno con su teléfono,,
DRA-131,Draw,Choosing a game mode,In-game,Everyone uses their own phone to play the game.,Cada jugador juega desde su propio teléfono.,,
DRA-132,Draw,Choosing a game mode,In-game,Pass the Phone,Pasar el teléfono,,
DRA-133,Draw,Choosing a game mode,In-game,Everyone uses one screen to play the game.,Todos juegan en una sola pantalla.,,
DRA-067,Draw,Choosing music and categories,In-game,Select,Elegir,,
DRA-068,Draw,Choosing music and categories,In-game,Done,Listo,,
DRA-092,Draw,Choosing music and categories,In-game,Pick word categories,Elige las categorías,,
DRA-096,Draw,Choosing music and categories,In-game,Categories,Categorías,,
DRA-097,Draw,Choosing music and categories,In-game,Food,Comida,,
DRA-098,Draw,Choosing music and categories,In-game,"Dishes, snacks, fruits and drinks","Platos, frutas, dulces y bebidas",,
DRA-099,Draw,Choosing music and categories,In-game,Animals,Animales,,
DRA-100,Draw,Choosing music and categories,In-game,"Pets, wildlife, birds and sea creatures","Mascotas, fauna, aves y animales del mar",,
DRA-101,Draw,Choosing music and categories,In-game,Places,Lugares,,
DRA-102,Draw,Choosing music and categories,In-game,Everywhere from the beach to a space station,De la playa a una estación espacial,,
DRA-103,Draw,Choosing music and categories,In-game,Everyday Objects,Objetos cotidianos,,
DRA-104,Draw,Choosing music and categories,In-game,Things lying around every home,Cosas que hay en cualquier casa,,
DRA-105,Draw,Choosing music and categories,In-game,Movies & TV,Cine y TV,,
DRA-106,Draw,Choosing music and categories,In-game,"Blockbusters, series and cartoon icons","Éxitos de taquilla, series e iconos animados",,
DRA-107,Draw,Choosing music and categories,In-game,Football,Fútbol,,
DRA-108,Draw,Choosing music and categories,In-game,"Stars, clubs and moments from the pitch","Estrellas, clubes y momentos de la cancha",,
DRA-109,Draw,Choosing music and categories,In-game,Super Heroes,Superhéroes,,
DRA-110,Draw,Choosing music and categories,In-game,"Capes, masks and the villains chasing them","Capas, máscaras y los villanos que los persiguen",,
DRA-170,Draw,Choosing music and categories,In-game,Select,Elegir,,
DRA-171,Draw,Choosing music and categories,In-game,Cancel,Cancelar,,
DRA-066,Draw,Song groups,In-game,Time to find the Impostor.,Hora de encontrar al impostor.,,
DRA-039,Draw,Playing the round,In-game,THE WORD TO DRAW,LA PALABRA PARA DIBUJAR,,
DRA-040,Draw,Playing the round,In-game,Getting everyone ready…,Preparando a todos…,,
DRA-041,Draw,Playing the round,In-game,Getting ready… ↵,Preparando… ↵,,
DRA-042,Draw,Playing the round,In-game,Done,Listo,,
DRA-043,Draw,Playing the round,In-game,Take turns adding to the drawing.,"Por turnos, cada jugador agrega algo al mismo dibujo.",,
DRA-044,Draw,Playing the round,In-game,Swipe to reveal,Desliza para revelar tu carta,,
DRA-045,Draw,Playing the round,In-game,Pass to Next Player,Pásaselo al siguiente,,
DRA-080,Draw,Playing the round,In-game,Mute turn sound,Silenciar el sonido del turno,,
DRA-081,Draw,Playing the round,In-game,Shared drawing canvas,Lienzo de dibujo compartido,,
DRA-082,Draw,Playing the round,In-game,Undo my last stroke,Deshacer mi último trazo,,
DRA-083,Draw,Playing the round,In-game,Turn order,Orden de los turnos,,
DRA-095,Draw,Playing the round,In-game,You're the Impostor,Eres el impostor,,
DRA-172,Draw,Playing the round,In-game,YOUR HINT,TU PISTA,,
DRA-173,Draw,Playing the round,In-game,THE WORD TO DRAW,LA PALABRA PARA DIBUJAR,,
DRA-174,Draw,Playing the round,In-game,Getting everyone ready…,Preparando a todos…,,
DRA-175,Draw,Playing the round,In-game,Drawing starts in,El dibujo empieza en,,
DRA-176,Draw,Playing the round,In-game,Player {current} of {total},Jugador {current} de {total},,
DRA-177,Draw,Playing the round,In-game,Start Drawing,Empezar a dibujar,,
DRA-178,Draw,Playing the round,In-game,Pass to {name},Pásaselo a {name},,
DRA-179,Draw,Playing the round,In-game,Pass to Next Player,Pásaselo al siguiente,,
DRA-180,Draw,Playing the round,In-game,{name}’s turn,Turno de {name},,
DRA-181,Draw,Playing the round,In-game,Your turn,Tu turno,,
DRA-182,Draw,Playing the round,In-game,Passing…,Pasando el teléfono…,,
DRA-183,Draw,Playing the round,In-game,Getting ready…,Preparando…,,
DRA-184,Draw,Playing the round,In-game,Round {n} / {total},Ronda {n} / {total},,
DRA-050,Draw,Discussion and voting,In-game,Who was the impostor?,¿Quién era el impostor?,,
DRA-051,Draw,Discussion and voting,In-game,Tap a name. You can change your mind until the reveal.,Toca un nombre. Puedes cambiar de opinión hasta que se revele.,,
DRA-052,Draw,Discussion and voting,In-game,Vote for the Impostor.,Voten por el impostor.,,
DRA-053,Draw,Discussion and voting,In-game,And the Impostor is…,Y el impostor es…,,
DRA-191,Draw,Discussion and voting,In-game,Voted,Ya votó,,
DRA-192,Draw,Discussion and voting,In-game,You can change your mind until reveal.,Puedes cambiar de opinión hasta que se revele.,,
DRA-193,Draw,Discussion and voting,In-game,Tap a name. Nobody sees your pick until the reveal.,Toca un nombre. Nadie ve a quién votaste hasta que se revele.,,
DRA-194,Draw,Discussion and voting,In-game,{cast} of {total} voted. Reveal early if someone has dropped off.,"Votaron {cast} de {total}. Si alguien se salió, revela ya.",,
DRA-195,Draw,Discussion and voting,In-game,{cast} of {total} voted.,Votaron {cast} de {total}.,,
DRA-196,Draw,Discussion and voting,In-game,Did not vote,No votó,,
DRA-197,Draw,Discussion and voting,In-game,No votes were cast.,Nadie votó.,,
DRA-198,Draw,Discussion and voting,In-game,"[when 1] 1 vote
[when 2+] {count} votes","[when 1] 1 voto
[when 2+] {count} votos",,
DRA-046,Draw,End of the round,In-game,Find the Impostor,Encuentren al impostor,,
DRA-047,Draw,End of the round,In-game,who was faking it?,¿quién estaba fingiendo?,,
DRA-048,Draw,End of the round,In-game,Reveal Impostor,Revelar impostor,,
DRA-049,Draw,End of the round,In-game,Talk it out. Tap Reveal when the group has decided.,Háblenlo. Toquen Revelar cuando el grupo lo tenga decidido.,,
DRA-054,Draw,End of the round,In-game,Round Over,Fin de la ronda,,
DRA-055,Draw,End of the round,In-game,TheImpostorwas,ElImpostorera,,
DRA-056,Draw,End of the round,In-game,The word was,La palabra era,,
DRA-057,Draw,End of the round,In-game,Votes,Votos,,
DRA-058,Draw,End of the round,In-game,Who voted whom,Quién votó a quién,,
DRA-059,Draw,End of the round,In-game,The drawing,El dibujo,,
DRA-060,Draw,End of the round,In-game,Who drew what,Quién dibujó qué,,
DRA-061,Draw,End of the round,In-game,Play Again,Otra ronda,,
DRA-062,Draw,End of the round,In-game,Exit Room,Salir de la sala,,
DRA-084,Draw,End of the round,In-game,The finished drawing,El dibujo terminado,,
DRA-199,Draw,End of the round,In-game,Round Over,Fin de la ronda,,
DRA-200,Draw,End of the round,In-game,Caught!,¡Atrapado!,,
DRA-201,Draw,End of the round,In-game,They got away,Se escapó,,
DRA-202,Draw,End of the round,In-game,The room voted out the impostor.,El grupo señaló al impostor.,,
DRA-203,Draw,End of the round,In-game,"Nobody voted, so the impostor walks.","Nadie votó, así que el impostor se salva.",,
DRA-204,Draw,End of the round,In-game,"The vote was split, so the impostor walks.","La votación quedó empatada, así que el impostor se salva.",,
DRA-205,Draw,End of the round,In-game,The room voted out the wrong player.,El grupo señaló al jugador equivocado.,,
DRA-206,Draw,End of the round,In-game,Quit Game,Salir de la partida,,
DRA-207,Draw,End of the round,In-game,Exit Room,Salir de la sala,,
DRA-065,Draw,Leaving a game,In-game,Cancel,Cancelar,,
DRA-208,Draw,Leaving a game,In-game,Quit the game?,¿Salir de la partida?,,
DRA-209,Draw,Leaving a game,In-game,Leave the game?,¿Salir de la sala?,,
DRA-210,Draw,Leaving a game,In-game,"You are the host, so this closes the room and ends the game for everyone.","Eres el anfitrión, así que la sala se cierra y se acaba la partida para todos.",,
DRA-211,Draw,Leaving a game,In-game,You will drop out of the round and your turns will be skipped.,Te sales de la ronda y tus turnos se saltan.,,
DRA-212,Draw,Leaving a game,In-game,Quit,Salir,,
DRA-213,Draw,Leaving a game,In-game,Leave,Salir,,
DRA-111,Draw,Errors and messages,In-game,Firebase not configured,Firebase sin configurar,,
DRA-112,Draw,Errors and messages,In-game,Firebase not configured — see README,Firebase sin configurar. Mira el README.,,
DRA-113,Draw,Errors and messages,In-game,Room closed,Sala cerrada,,
DRA-114,Draw,Errors and messages,In-game,No room found with that code,No hay ninguna sala con ese código,,
DRA-115,Draw,Errors and messages,In-game,Game already in progress,La partida ya comenzó,,
DRA-116,Draw,Errors and messages,In-game,Room is full,La sala está llena,,
DRA-117,Draw,Errors and messages,In-game,Could not check room: {detail},No se pudo verificar la sala: {detail},,
DRA-118,Draw,Errors and messages,In-game,Choose a nickname,Elige un nombre,,
DRA-119,Draw,Errors and messages,In-game,Could not join,No se pudo entrar,,
DRA-120,Draw,Errors and messages,In-game,Could not create a room: {detail},No se pudo crear la sala: {detail},,
DRA-121,Draw,Errors and messages,In-game,Failed to create room: {detail},No se pudo crear la sala: {detail},,
DRA-122,Draw,Errors and messages,In-game,Could not start the round,No se pudo iniciar la ronda,,
DRA-123,Draw,Errors and messages,In-game,Could not change category,No se pudo cambiar de categoría,,
DRA-124,Draw,Errors and messages,In-game,Could not save your vote,No se pudo guardar tu voto,,
DRA-125,Draw,Errors and messages,In-game,Could not copy,No se pudo copiar,,
DRA-127,Draw,Errors and messages,In-game,Room code copied,Código copiado,,
DRA-128,Draw,Errors and messages,In-game,Finish passing the phone first,Primero terminen de pasar el teléfono,,
DRA-129,Draw,Errors and messages,In-game,Tap Quit Game to leave,Toca Salir de la partida para irte,,
DRA-063,Draw,Rating and feedback,In-game,Enjoying the game? 🎉,¿Te está gustando? 🎉,,
DRA-064,Draw,Rating and feedback,In-game,Tell us what you think,Cuéntanos qué te parece,,
DRA-085,Draw,Rating and feedback,In-game,Enjoying the game?,¿Te está gustando?,,
DRA-086,Draw,Rating and feedback,In-game,Close,Cerrar,,
DRA-087,Draw,Rating and feedback,In-game,Not great,Regular,,
DRA-088,Draw,Rating and feedback,In-game,It's okay,Normal,,
DRA-089,Draw,Rating and feedback,In-game,Good,Bueno,,
DRA-090,Draw,Rating and feedback,In-game,Love it,Me encanta,,
DRA-214,Draw,Rating and feedback,In-game,Thanks! 🙏,¡Gracias! 🙏,,
DRA-215,Draw,Rating and feedback,In-game,Tell us more,Cuéntanos más,,
DRA-163,Draw,Screen reader labels,In-game,Player name,Nombre del jugador,,
DRA-164,Draw,Screen reader labels,In-game,Rename {name},Cambiar el nombre de {name},,
DRA-165,Draw,Screen reader labels,In-game,Remove {name},Quitar a {name},,
DRA-166,Draw,Screen reader labels,In-game,{name}: swipe to reveal your card,{name}: desliza para ver tu carta,,
DRA-167,Draw,Screen reader labels,In-game,Mute turn sound,Silenciar el sonido del turno,,
DRA-168,Draw,Screen reader labels,In-game,Unmute turn sound,Activar el sonido del turno,,
DRA-169,Draw,Screen reader labels,In-game,"[when 1] {count} drawing round
[when 2+] {count} drawing rounds","[when 1] {count} ronda de dibujo
[when 2+] {count} rondas de dibujo",,
LDRA-001,Draw,Page title and search description,Landing page,Imposter Draw Game | Online Drawing Party Game | Play Free,Juego del Impostor de Dibujos | Gratis y Online,,
LDRA-002,Draw,Page title and search description,Landing page,"Imposter Artist drawing game: everyone draws the same word on a shared canvas, except the impostor. Draw, guess, vote! Free online party game for 3–20 players.","El Juego del Impostor de Dibujos: un juego de fiesta online y gratis. Todos dibujan la misma palabra secreta en un lienzo compartido, menos el impostor, que solo recibe una pista vaga. Dibujen por turnos y atrapen al impostor. Juega gratis en el navegador con 3 a 20 amigos.",,
LDRA-003,Draw,Page title and search description,Landing page,Impostor Draw Game,Impostor de Dibujos,,
LDRA-004,Draw,Page title and search description,Landing page,"Everyone draws the same secret word — except one impostor, who only gets a hint. A free online drawing party game you can play from anywhere: one shared canvas and a vote to catch the faker.","Todos dibujan la misma palabra secreta, menos el impostor, que solo recibe una pista. Un juego de fiesta gratis: un lienzo compartido, turnos de dibujo y una votación para atrapar al impostor. En el navegador, para 3 a 20 amigos.",,
LDRA-005,Draw,Page title and search description,Landing page,Impostor Draw Game,Impostor de Dibujos,,
LDRA-006,Draw,Page title and search description,Landing page,"Everyone draws the same secret word — except one impostor, who only gets a hint. One shared canvas, one secret word, and a vote to catch the faker.","Todos dibujan la misma palabra secreta, menos el impostor, que solo recibe una pista. Un lienzo compartido, turnos de dibujo y una votación para atrapar al impostor. En el navegador, para 3 a 20 amigos.",,
LDRA-007,Draw,Page title and search description,Landing page,"impostor draw, imposter drawing game, fake artist goes to new york, online drawing party game, remote party game, drawing game with friends online, social deduction drawing game, multiplayer drawing game","juego del impostor, impostor de dibujos, juego del impostor de dibujos, juego de dibujar online, juego de dibujo en grupo, dibujar con amigos online, fake artist, el impostor dibujando, quien es el impostor, impostor online, juego de fiesta, juegos para fiestas, juegos de fiesta online, juego multijugador online, juego de deduccion social, juegos como among us, juegos para reuniones",,
LDRA-008,Draw,How to play,Landing page,How to Play,Cómo se juega,,
LDRA-009,Draw,How to play,Landing page,"One canvas, one faker, and no one is safe","Un lienzo, un impostor y nadie a salvo",,
LDRA-010,Draw,How to play,Landing page,"Impostor Draw Game (also called Impostor Draw) is a drawing party game you can play from anywhere. Everyone gets the same secret word to draw except one impostor, who only sees a vague hint. Players take turns adding to one shared canvas, watching the picture build, then everyone votes on who the faker is. Play free at impostorgames.com/draw with 3 to 20 friends, no app and no sign-up.","El Juego del Impostor de Dibujos (también conocido como Fake Artist) es un juego de fiesta que se juega desde donde sea. Todos reciben la misma palabra secreta para dibujar, menos un impostor, que solo ve una pista vaga. Por turnos, cada uno le agrega algo al mismo dibujo y el grupo ve cómo va tomando forma; al final todos votan para decidir quién estaba fingiendo. Puedes jugar gratis aquí mismo, en impostorgames.com/es/draw: sin app, sin registro, de 3 a 20 jugadores y desde el navegador de cualquier teléfono.",,
LDRA-011,Draw,How to play,Landing page,Get started,Para empezar,,
LDRA-012,Draw,How to play,Landing page,Everyone has a phone? Join the same room and tap “I’m Ready.”,¿Todos tienen un teléfono? Entren a la misma sala y toquen «Estoy listo».,,
LDRA-013,Draw,How to play,Landing page,Only one phone? Enter everyone's names and pass it around.,¿Hay un solo teléfono? Escriban los nombres de todos y vayan pasándolo.,,
LDRA-014,Draw,How to play,Landing page,Get your word,Miren su palabra,,
LDRA-015,Draw,How to play,Landing page,Most players get the same word. The Impostor only gets a hint.,Casi todos reciben la misma palabra. El impostor solo recibe una pista.,,
LDRA-016,Draw,How to play,Landing page,Start drawing,A dibujar,,
LDRA-017,Draw,How to play,Landing page,"Take turns drawing. If you're the Impostor, fake your drawing and try to blend in.","Por turnos, cada jugador agrega algo al mismo dibujo. Si eres el impostor, finge tu parte y disimula.",,
LDRA-018,Draw,How to play,Landing page,Find the Impostor,Encuentren al impostor,,
LDRA-019,Draw,How to play,Landing page,"After the last round, vote for who you think the Impostor is. On one phone, talk it out and reveal.","Después de la última ronda, voten por quien creen que es el impostor. Con un solo teléfono, háblenlo y toquen Revelar.",,
LDRA-020,Draw,Links to the other games,Landing page,More games,Más juegos,,
LDRA-021,Draw,Links to the other games,Landing page,Play the Impostor Dance Game,Juega al Impostor de Baile,,
LDRA-022,Draw,Links to the other games,Landing page,Dance Game,Impostor de Baile,,
LDRA-023,Draw,Links to the other games,Landing page,Play,Jugar,,
LDRA-024,Draw,Links to the other games,Landing page,Play the Impostor Word Game,Juega al Impostor de Palabras,,
LDRA-025,Draw,Links to the other games,Landing page,Word Game,Impostor de Palabras,,
LDRA-026,Draw,Links to the other games,Landing page,Play,Jugar,,
LDRA-027,Draw,Feedback call to action,Landing page,Got feedback?,¿Alguna sugerencia?,,
LDRA-028,Draw,More games call to action,Landing page,More games,Impostor Games,,
LDRA-029,Draw,Frequently asked questions,Landing page,FAQ,Preguntas frecuentes,,
LDRA-030,Draw,Frequently asked questions,Landing page,What is the Impostor Draw Game?,¿Qué es el Juego del Impostor de Dibujos?,,
LDRA-031,Draw,Frequently asked questions,Landing page,"A free online drawing party game for 3–20 players. Most players get the same secret word, while the impostor only gets a vague hint. Everyone takes turns drawing on a shared online canvas, including the impostor, who tries to blend in without knowing the secret word. At the end, everyone votes to find the impostor.","Es un juego de fiesta online y gratis para 3 a 20 jugadores. Casi todos reciben la misma palabra secreta; el impostor solo recibe una pista vaga. Por turnos, todos van dibujando en un mismo lienzo compartido, el impostor incluido, que dibuja a ciegas e intenta pasar desapercibido. Al final, el grupo vota para encontrarlo.",,
LDRA-032,Draw,Frequently asked questions,Landing page,Can I play the Impostor Draw Game remotely?,¿Se puede jugar a distancia?,,
LDRA-033,Draw,Frequently asked questions,Landing page,"Yes, it's built for it. The canvas and the vote both live in the app, so nobody needs to be in the same room. It works well alongside a video call, or entirely on its own.","Sí, está pensado para eso. El lienzo y la votación están dentro del juego, así que nadie tiene que estar en la misma habitación. Funciona bien junto a una videollamada, y también funciona solo.",,
LDRA-034,Draw,Frequently asked questions,Landing page,How many players do I need?,¿Cuántos jugadores hacen falta?,,
LDRA-035,Draw,Frequently asked questions,Landing page,"At least 3, up to 20. With everyone on their own phone, one person creates the room and shares the 4-character code or QR code. In Pass the Phone you need no second device at all, just the names of everyone playing.","De 3 a 20 jugadores. Si cada uno tiene su teléfono, una persona crea la sala y comparte el código de 4 caracteres o el código QR. Con Pasar el teléfono no hace falta ningún otro dispositivo, solo los nombres de quienes juegan.",,
LDRA-036,Draw,Frequently asked questions,Landing page,Is it free to play?,¿Es gratis?,,
LDRA-037,Draw,Frequently asked questions,Landing page,"Yes, completely free. There's no sign-up, no app to install, and no payment. Open the page in any browser and share a room code.","Sí, es completamente gratis. Sin registro, sin app y sin pagar nada. Abre la página en el navegador de cualquier teléfono y comparte el código de sala.",,
LDRA-038,Draw,Frequently asked questions,Landing page,Do I need to be good at drawing?,¿Hay que saber dibujar?,,
LDRA-039,Draw,Frequently asked questions,Landing page,"No. Rough doodles are the whole point. You only need enough detail to show you know the word, and drawing it too clearly just helps the impostor work it out.","No. Los garabatos son parte de la gracia. Solo necesitas el detalle justo para demostrar que conoces la palabra, y si la dibujas demasiado clara le estás haciendo el trabajo al impostor.",,
LDRA-040,Draw,Frequently asked questions,Landing page,Can I play on one device?,¿Se puede jugar con un solo teléfono?,,
LDRA-041,Draw,Frequently asked questions,Landing page,"Yes. Pick Pass the Phone in the lobby and one phone does the whole game, so nobody else needs a device and there's no room code. The phone goes round twice: once so each player can swipe their card over and see the word, or the impostor hint, in private, then once per drawing turn, handed straight to the next player with the canvas already live. There's no timer, because nobody can disappear from a phone that's being handed to them, and the turn strip names whose go it is. At the end there's no secret ballot, since that would need a screen each: the finished drawing is held up on a Find the Impostor screen, the group argues it out loud, and someone taps Reveal. The default mode, Everyone has a Phone, still gives each player their own screen.","Sí. Elige Pasar el teléfono en la sala y un solo teléfono lleva toda la partida: nadie más necesita dispositivo y no hay código de sala. El teléfono da dos vueltas. La primera, para que cada jugador deslice su carta y vea en privado la palabra, o la pista del impostor. La segunda, un turno de dibujo cada uno, pasándoselo en mano al siguiente con el lienzo ya abierto. No hay cronómetro, porque nadie se puede esfumar de un teléfono que le están dando en mano, y la tira de turnos dice de quién es el turno. Al final no hay votación secreta, porque eso pediría una pantalla por persona: el dibujo terminado se queda a la vista en la pantalla Encuentren al impostor, el grupo lo discute en voz alta y alguien toca Revelar. El modo por defecto, Cada uno con su teléfono, le sigue dando a cada jugador su propia pantalla.",,
LDRA-042,Draw,Frequently asked questions,Landing page,What words come up?,¿Qué palabras salen?,,
LDRA-043,Draw,Frequently asked questions,Landing page,"Four categories: Food, Animals, Everyday Objects and Super Heroes, 350 words in all. The host picks which ones are in play, and a random word is dealt each round. Every word carries two vague one-word hints, and the impostor is shown one of them at random. That hint is all they get.","Cuatro categorías: Comida, Animales, Objetos cotidianos y Superhéroes, 350 palabras en total. El anfitrión elige cuáles entran en juego y cada ronda se reparte una palabra al azar. Cada palabra lleva dos pistas vagas de una sola palabra, y al impostor le toca una de las dos. Eso es todo lo que recibe.",,
SHR-040,Shared,Playing the round,In-game,Dance Game,Impostor de Baile,,
SHR-041,Shared,Playing the round,In-game,Word Game,Impostor de Palabras,,
SHR-042,Shared,Playing the round,In-game,Draw Game,Impostor de Dibujos,,
SHR-011,Shared,Account and sign in,In-game,Sign in,Inicia sesión,,
SHR-012,Shared,Account and sign in,In-game,Sign in to keep your song groups and reuse them anytime.,Inicia sesión para guardar tus listas de canciones y volver a usarlas cuando quieras.,,
SHR-013,Shared,Account and sign in,In-game,Continue with Google,Continuar con Google,,
SHR-014,Shared,Account and sign in,In-game,or,o,,
SHR-015,Shared,Account and sign in,In-game,you@email.com,tu@correo.com,,
SHR-016,Shared,Account and sign in,In-game,Email address,Correo electrónico,,
SHR-017,Shared,Account and sign in,In-game,Email me a link,Envíame un enlace,,
SHR-018,Shared,Account and sign in,In-game,We only store your email and the song groups you create. You can delete your account anytime.,Solo guardamos tu correo y las listas de canciones que crees. Puedes borrar tu cuenta cuando quieras.,,
SHR-019,Shared,Account and sign in,In-game,Close,Cerrar,,
SHR-020,Shared,Account and sign in,In-game,Opening Google…,Abriendo Google…,,
SHR-021,Shared,Account and sign in,In-game,Sending your link…,Enviando el enlace…,,
SHR-022,Shared,Account and sign in,In-game,Check your inbox for a sign-in link.,"Revisa tu correo, te enviamos un enlace.",,
SHR-023,Shared,Account and sign in,In-game,Network problem. Try again.,Problema de conexión. Inténtalo otra vez.,,
SHR-024,Shared,Account and sign in,In-game,Sign-in is not enabled yet.,Todavía no se puede iniciar sesión.,,
SHR-025,Shared,Account and sign in,In-game,That email looks off.,Ese correo no parece válido.,,
SHR-026,Shared,Account and sign in,In-game,Something went wrong. Please try again.,Algo salió mal. Inténtalo otra vez.,,
SHR-027,Shared,Account and sign in,In-game,Sign in,Iniciar sesión,,
SHR-028,Shared,Account and sign in,In-game,Account,Cuenta,,
SHR-029,Shared,Account and sign in,In-game,Sign out,Cerrar sesión,,
SHR-030,Shared,Account and sign in,In-game,Signed in,Sesión iniciada,,
SHR-031,Shared,Account and sign in,In-game,Delete account,Borrar la cuenta,,
SHR-032,Shared,Account and sign in,In-game,Delete account?,¿Borrar la cuenta?,,
SHR-033,Shared,Account and sign in,In-game,This permanently deletes your account and all your song groups. This can't be undone.,Se borran tu cuenta y todas tus listas de canciones para siempre. Esto no se puede deshacer.,,
SHR-034,Shared,Account and sign in,In-game,Cancel,Cancelar,,
SHR-035,Shared,Account and sign in,In-game,Delete,Borrar,,
SHR-036,Shared,Account and sign in,In-game,Deleting your account…,Borrando tu cuenta…,,
SHR-037,Shared,Account and sign in,In-game,"For security, sign out and sign in again, then delete.","Por seguridad, cierra sesión, vuelve a entrar y bórrala entonces.",,
SHR-038,Shared,Account and sign in,In-game,Confirmation cancelled. Try again.,Cancelaste la confirmación. Inténtalo otra vez.,,
SHR-039,Shared,Account and sign in,In-game,Could not delete your account. Please try again.,No se pudo borrar tu cuenta. Inténtalo otra vez.,,
SHR-001,Shared,Talk to the creator,In-game,Talk to creator,Habla con el creador,,
SHR-002,Shared,Talk to the creator,In-game,"Hey! Hope you’re having fun 🙂 ↵ ↵ Found a bug, got an idea, or want more categories or games? Tell me — let me fix it for you.","¡Hola! Espero que se estén divirtiendo 🙂 ↵ ↵ ¿Encontraste un error, se te ocurre una idea o quieres más categorías o juegos? Cuéntamelo y lo arreglo.",,
SHR-003,Shared,Talk to the creator,In-game,Write a message…,Escribe un mensaje…,,
SHR-004,Shared,Talk to the creator,In-game,"One moment, that was a little too fast.","Un momento, vas muy rápido.",,
SHR-005,Shared,Talk to the creator,In-game,That is a lot of messages for one day. Try again tomorrow.,Son muchos mensajes por hoy. Prueba mañana.,,
SHR-006,Shared,Talk to the creator,In-game,Could not send. Please try again.,No se pudo enviar. Inténtalo otra vez.,,
SHR-007,Shared,Talk to the creator,In-game,Close,Cerrar,,
SHR-008,Shared,Talk to the creator,In-game,Message,Mensaje,,
SHR-009,Shared,Talk to the creator,In-game,Send,Enviar,,
SHR-010,Shared,Talk to the creator,In-game,typing,escribiendo,,
SHR-043,Shared,Language,In-game,This room is in {lang},Esta sala está en {lang},,
SHR-044,Shared,Language,In-game,The whole game will be in {lang}: the words and the buttons. Everyone in a room plays in the same language.,Todo el juego va a estar en {lang}: las palabras y los botones. En una sala todos juegan en el mismo idioma.,,
SHR-045,Shared,Language,In-game,Continue in {lang},Seguir en {lang},,
SHR-046,Shared,Language,In-game,Language,Idioma,,
SHR-047,Shared,Language,In-game,English,inglés,,
SHR-048,Shared,Language,In-game,Spanish,español,,
